title,content,published_at,media_name,url,keyword
韓 수출 8개월째 감소…반도체 단가 하락 영향,"경상수지 흑자 69.5억달러, 전년比 15억달러↓
우리나라의 수출이 8개월 연속 감소세를 보였다. 세계 교역여건 악화와 반도체 단가 하락 등에 따른 영향이 컸다. 같은 기간 경상수지 흑자 규모도 전년 대비 15억달러 넘게 줄었다.
5일 한국은행이 발표한 '2019년 7월 국제수지(잠정)'에 따르면 지난 7월 수출은 541억8000만달러에서 482억6000만달러로 59억2000만달러 축소되면서 8개월째 감소했다. 수입도 434억달러에서 420억8000만달러로 3개월째 줄었다.
경상수지 흑자 규모 역시 69억5000만달러로 전년 동기(85억5000만달러) 대비 16억달러 감소했다. 상품수지 흑자가 61억9000만달러로 1년새 46억달러 줄었다. 다만 경상수지는 감소세가 잦아들면서 9개월 만에 최대치를 보였다.
서비스수지 적자 역시 16억7000만달러로 전년 동기(-30억9000달러) 대비 축소됐다. 품목별로 보면 여행수지는 11억8000만달러 적자를 기록하면서 전년 동기(-14억9000만달러) 대비 적자 규모를 줄였다. 입국자가 같은 기간 15.4% 늘었지만 출국자가 5.9% 증가하는 데 그친 영향이다.
운송수지는 3억6000만달러 적자를 보였다. 전년 동기(-5억6000만달러)보다 적자 규모가 줄었다. 급료, 임금, 투자 소득 등의 국내외 흐름을 보여주는 본원소득수지는 30억달러 흑자를 나타내면서 전년 동기(15억4000만달러)에 비해 두 배 가까이 늘었다. 역대 최대 액수다.
자본 유출입을 나타내는 금융계정의 순자산(자산-부채)은 65억5000만달러 늘었다. 직접투자의 경우 내국인 해외투자가 28억4000만달러 증가했고 외국인 국내투자도 7억7000만달러 늘어났다. 파생금융상품은 5억4000만달러 증가했다. 외환보유액에서 환율 등 비거래 요인을 제거한 준비자산은 16억6000만달러 늘었다.
한국은행 관계자는 ""세계 교역량 부진과 반도체 및 석유류 단가 하락, 중국에 대한 수출 감소의 영향으로 상품 수출이 축소됐다""며 ""수입은 유가 하락 영향으로 감소했지만 자본재 감소세 둔화와 소비재 수입 증가로 감소폭이 줄었다""고 설명했다.
윤진우 한경닷컴 기자 jiinwoo@hankyung.com
▶
네이버에서 한국경제 뉴스를 받아보세요
▶
한경닷컴 바로가기
▶
모바일한경 구독신청
ⓒ 한국경제 &
hankyung.com
, 무단전재 및 재배포 금지",2019-09-05 08:24:04,한국경제,https://n.news.naver.com/mnews/article/015/0004204232?sid=101,반도체 수출
"日의원 ""반도체부품 규제, 日기업 문제 때문…한국 책임 없다""","""경제산업성 담당자에게 확인했다"" 주장…日정부 설명과 달라 '논란'
(도쿄=연합뉴스) 이세원 특파원 = 일본의 한 국회의원이 일본 정부가 반도체 부품의 한국 수출 규제를 강화한 것이 일본 기업의 잘못에서 비롯된 것이라고 주장해 논란이 예상된다.
고니시 히로유키(小西洋之, 무소속) 일본 참의원 의원은 일본 정부가 반도체 관련 품목의 한국 수출 규제를 강화한 것이 자국 기업의 잘못 때문이라는 글을 4일 트위터에 올렸다.
고니시 의원 ""한국을 향한 반도체 관련 등 3개 품목은 '한국 기업에 수출하는 일본 기업 내의 관리 불비(不備, 완전히 갖추어지지 않음)의 문제. 이것은 수출책임이라는 국제 규칙에서 한국 측에는 책임이 없다'고 경산성은 설명""이라고 썼다.
그는 ""'세상을 향한 설명과 전혀 다르지 않냐. 그렇다면 일본 기업을 행정 지도해서 조속히 개선을'이라고 말하면 관료는 머리를 숙이고 만다""고 덧붙였다.
고니시 의원의 글은 일본 기업이 수출 관리를 잘못한 것 때문에 한국에 불이익을 주는 조치를 했다는 취지의 설명으로 보인다.
앞서 그는 지난 3일 인터넷 방송인 '아베마 프라임'의 토론 프로그램에 출연해서도 비슷한 주장을 했다.
고니시 의원은 3개 품목 수출 규제 강화와 관련해 ""잘못한 것은 한국 기업이 아니다. 일본 기업이 잘못했다""며 ""일본 기업이 무역 관리가 확실하게 되지 않고 있는 것이 경산성에서 확인됐기 때문에 제대로 관리하도록 했다는 이야기""라며 이를 경제산업성 담당자에게 2차례 확인했다고 강조했다.
다만 그는 한국이 백색 국가에서 제외된 것에 관해서는 한국 기업이 외국에 수출할 때 이를 관리하는 태세를 허술하게 한 한국 측에 책임이 있다고 주장했다.
고니시 의원실 관계자는 이런 트윗 메시지와 방송에서의 발언이 고니시 의원 본인에 의한 것이 맞다고 5일 연합뉴스와의 통화에서 밝혔다.
고니시 의원의 주장이 사실이라면 수출 규제 강화가 한국의 잘못 때문이라는 측면을 부각한 그간 일본 정부의 설명과 차이가 있어 논란을 확대할 것으로 예상된다.
일본 정부는 ""한국과 신뢰 관계 하에서 수출관리를 하기가 어려워지고, 한국과 관련된 수출관리에서 부적절한 사안이 발생해 한층 엄격하게 제도를 운용하기로 한 것""이라고 설명한 바 있다.
sewonlee@yna.co.kr
▶확 달라진 연합뉴스 웹을 만나보세요
▶네이버 [연합뉴스] 채널 구독
▶뭐 하고 놀까? #흥",2019-09-05 11:44:28,연합뉴스,https://n.news.naver.com/mnews/article/001/0011063639?sid=104,반도체 수출
[2보] 8월 수출 9개월 연속 감소…반도체 수출 30.7% 급감,"8월 수출 13.6% 감소한 442억달러…日규제 영향은 '제한적'
(서울=연합뉴스) 김성진 기자 = 일본의 수출규제와 미중 무역분쟁 심화 등 대외여건 악화 속에 한국 수출이 9개월 연속 감소했다.
산업통상자원부는 8월 수출이 지난해 같은 달보다 13.6% 줄어든 442억달러로 집계됐다고 1일 밝혔다.
지난해 12월 수출이 -1.7%로 마이너스로 돌아선 이후 9개월 연속 감소세다.
월별로는 6월 -13.8%, 7월 -11%에 이어 3개월 연속 두 자릿수 감소했다.
단가 하락의 영향으로 반도체(-30.7%), 석유화학(-19.2%), 석유제품(-14.1%) 등 주력 품목의 수출이 부진했다.
하지만 자동차(4.6%)·선박(168.6%) 등 주력품목과 이차전지(3.6%)·농수산식품(5.7%)·화장품(1.1%) 등 신(新) 수출동력품목은 선방했다.
반도체, 석유화학 등을 중심으로 수출 물량이 0.1% 증가하면서 2개월 연속 상승한 것도 긍정적인 신호다. 1∼8월 누적 수출물량도 0.7% 늘었다.
지역별로 보면 중국(-21.3), 미국(-6.7%), 일본(-6.2%)은 감소했지만, 아세안(ASEAN·1.9%), 독립국가연합(CIS·8.8%) 등 신남방·신북방 시장 수출은 늘었다.
대일본 수출이 6.2% 줄어들긴 했지만 7월부터 시작된 일본의 수출 규제로 인한 대(對)일본 수출입 영향은 여전히 제한적인 것으로 나타났다.
7월 기준으로 반도체 소재 등 3개 수출규제 품목의 수입액은 8천만달러로 전체 대일본 수입액 41억6천만달러에서 차지하는 비중이 1.8%에 그치고 있기 때문이라고 산업부는 설명했다.
일본은 또 8월 들어 포토레지스트, 불화수소 등 두 개 품목의 수출을 모두 세 차례 허가한 상태다.
산업부 관계자는 ""일본의 3개 품목 수출규제가 실제 생산 차질로 연결된 사례가 없어 한국의 대외수출에 미치는 영향도 제한적인 것으로 평가된다""고 말했다.
수입은 424억8천만달러로 지난해 같은 달보다 4.2% 감소했다.
무역수지는 17억2천만달러의 흑자를 기록하며 91개월 연속 흑자기조를 유지했다.
산업부 관계자는 ""미중 무역분쟁 심화, 일본 수출규제 등 대외 불확실성이 커졌지만 올해 최저치인 6월보다는 조금 낫다""며 ""수출 감소에도 불구하고 물량은 2개월 연속 견조한 성장세이고 자동차, 선박 등 주력품목도 선전했다""고 말했다.
[표] 8월 수출입 실적
(단위: 백만달러, %)
sungjin@yna.co.kr
▶확 달라진 연합뉴스 웹을 만나보세요
▶네이버 [연합뉴스] 채널 구독
▶뭐 하고 놀까? #흥",2019-09-01 09:51:45,연합뉴스,https://n.news.naver.com/mnews/article/001/0011052649?sid=101,반도체 수출
"""日 국민 67%, 한국 수출규제 찬성""…한달새 9％p 늘어","닛케이·TV도쿄 여론조사…아베 내각 지지율 58％로 6％p↑
(도쿄=연합뉴스) 이세원 특파원 = 한일 갈등이 격화하면서 일본 국민들 사이에서 대한(對韓) 강경론이 점차 확산하고 있으며, 이를 통해 아베 신조(安倍晋三) 내각이 반사이익을 얻고 있음을 보여주는 여론조사 결과가 2일 공개됐다.
니혼게이자이(日本經濟)신문(닛케이)과 민영방송 TV도쿄가 지난달 30일∼이달 1일 실시한 전화 여론조사 결과에 따르면 반도체 재료 등의 한국 수출 규제를 강화한 조치를 지지한다는 응답은 67％로, 7월 26∼28일 조사 때 비슷한 질문에 대한 답변보다 9％ 포인트 증가했다.
이런 조치를 지지하지 않는다는 응답은 19％로 한 달 전 조사 결과(20％)보다 약간 감소했다.
앞선 조사 때는 수출 규제 강화에 관해 '말할 수 없다·모르겠다', '어느 쪽이라고도 할 수 없다'며 모호한 태도를 보인 응답자 비율이 22％였으나, 이번에는 이런 반응이 13％로 하락했다.
아베 신조 내각 지지층의 78％, 지지하지 않는 계층의 60％가 수출 규제 강화에 찬성하는 것으로 분석됐다.
찬성 의견을 연령별로 나누면 60세 이상이 71％였고 40∼50세가 70％, 39세 이하는 62％였다.
일본 정부가 어떤 자세로 한국과의 관계에 임해야 하느냐는 물음에는 '양보할 정도라면 관계 개선을 서두를 필요가 없다'는 답변이 67％로 '관계 개선을 위해 일본이 양보할 수밖에 없다'는 응답(21％)의 3배를 웃돌았다.
강경 여론이 더 선명해진 가운데 아베 내각의 지지율은 눈에 띄게 상승했다.
이번 조사에서 아베 내각 지지율은 58％를 기록해 앞선 조사 때보다 6％ 포인트 높았다.
특히 남성 응답자의 지지율이 57％에서 66％로 확연하게 늘었고 여성은 47％로 앞선 조사 때와 비슷한 수준이었다.
아베 내각을 지지하지 않는다는 응답은 33％로 한달여 사이에 5％ 포인트 하락했다.
헌법 개정을 위해 국회가 구체적인 논의를 해야 한다는 의견은 77％로 논의할 필요가 없다는 답변(16％)보다 압도적으로 많았다.
다음 달 예정된 소비세율 인상(8％→10％)에 대해서는 찬성 의견이 49％로 반대(44％)보다 많았다.
이번 조사는 일본 전국의 18세 이상 남녀를 상대로 실시됐으며 948명이 응답했고 응답률은 46.2％였다.
sewonlee@yna.co.kr
▶확 달라진 연합뉴스 웹을 만나보세요
▶네이버 [연합뉴스] 채널 구독
▶뭐 하고 놀까? #흥",2019-09-02 09:21:16,연합뉴스,https://n.news.naver.com/mnews/article/001/0011054027?sid=104,반도체 수출
"일본, 불화수소 첫 수출허가…정부 ""일희일비 안한다""","앞서 포토레지스트는 두차례 수출허가…日정부 ""수출허가 확인 못 해줘""
(서울·도쿄=연합뉴스) 김성진 고은지 기자·이세원 특파원 = 일본이 지난달 초 수출 규제 조치 이후 처음으로 고순도 불화수소(에칭가스) 수출을 허가한 것으로 29일 확인됐다.
그동안 수출이 제한된 반도체·디스플레이 소재 3대 품목 가운데 포토레지스트(감광액) 수출은 일본이 두차례 허가했지만, 불화수소는 처음이다.
산업통상자원부 당국자는 ""오늘 일본이 불화수소 가스 수출 한건을 허가한 사실을 업계에서 확인했다""고 밝혔다.
수출 허가 신청은 일본이 수출 규제에 들어간 지난달 4일 전후로 알려졌으며, 정확한 수출물량과 순도는 아직 확인되지 않았다.
이번 불화수소를 수입하는 기업은 삼성전자인 것으로 알려졌다.
불화수소는 반도체 제조 공정에서 회로를 새길 때 사용하는 필수 소재이다.
삼성전자와 SK하이닉스 등 국내 반도체 기업에서 포토레지스트와 함께 확보에 주력했던 소재이기도 하다.
다만 일본 정부는 수출허가에 대한 사실관계 확인을 거부했다.
일본 경제산업성 관계자는 한국에 대한 불화수소 수출을 허가했느냐는 연합뉴스의 질의에 ""우리는 그런 사실을 발표하지 않았다. 개별 회사에 관련된 정보를 우리가 공표하는 것은 기본적으로 없다""고 답했다.
이어 일본 정부가 한국에 대한 불화수소 수출을 허가했다는 정보가 사실인지 여부를 확인해줄 수 없다고 덧붙였다.
일본의 불화수소 수출허가 조치에도 이를 일본의 입장이 전면적으로 선회했다고 볼 수 없다는게 대체적인 관측이다.
정부 당국자는 ""이번에 또 불화수소를 한 건 허가해줬다고 해서 일희일비할 사안은 아니다""라면서 ""한국 정부 입장은 수출 규제를 무조건 철회하라는 것""이라고 선을 그었다.
다른 관계자도 ""일본 언론에서도 수출규제로 일본이 세계무역기구(WTO)에 제소되면 수출허가를 안 내준 것 때문에 불리할 수 있다는 점이 거론됐다""라면서 ""패소를 염두에 둔 조치로 보이며 전반적 기조는 변한 것이 없다고 본다""고 말했다.
국제사회에 수출 금지가 아닌 정상 수출 규제임을 강조하려는 일본 정부의 명분 쌓기일 가능성을 배제할 수 없다는 것이다.
앞서 일본은 지난달 수출 규제 조치 이후 7일 포토레지스트 수출을 허가했고, 19일에 추가로 포토레지스트 수출을 승인했다.
이로써 최장 90일의 개별허가 심사 대상인 3대 품목 가운데 플루오린 폴리이미드만 아직 수출 허가가 나지 않았다.
일본에서 지난 7월 한 달간 한국으로 수출된 고순도 불화수소는 수출규제 영향으로 전월과 비교해 80% 넘게 감소한 것으로 나타났다.
일본 재무성이 발표한 7월 품목별 무역통계에 따르면 반도체 세정 공정에 사용하는 불화수소의 지난달 한국 수출량은 479t으로, 전월 대비 83.7%가 급감했다.
불화수소는 일본 정부가 군사용도로 전용될 가능성이 있다며 수출규제 강화의 근거로 삼았던 품목이다. 이 때문에 수출허가 가능성이 더 낮을 것으로 관측됐다.
문병기 무역협회 수석연구원은 ""당초 합당한 근거를 밝히지 않았던 일본 정부가 계속해서 수출을 지연시키기는 부담스러웠을 것""이라며 ""게다가 한국이 발빠르게 수입국 다변화를 꾀하고 국산화에 나서자 일본 수출기업이 어려움에 처할 수 있는 점을 종합적으로 고려한 것으로 보인다""고 말했다.
한국과 대화와 협상 여지를 조금씩 넓히면서도 향후 협상에서 우위를 점하려는 의도로도 해석된다.
sungjin@yna.co.kr, eun@yna.co.kr, sewonlee@yna.co.kr
▶확 달라진 연합뉴스 웹을 만나보세요
▶네이버 [연합뉴스] 채널 구독
▶뭐 하고 놀까? #흥",2019-08-29 22:13:09,연합뉴스,https://n.news.naver.com/mnews/article/001/0011049643?sid=101,반도체 수출
"[김대호의 경제읽기] 日 수출규제 강화 내막…""경제산업성이 주도""","<출연 : 김대호 경제학 박사>
일본이 우리나라를 향해 수출규제를 단행하며 시작된 한일간 경제 갈등은 날이 갈수록 심화되고 있습니다.
이런 가운데 일본이 경제 보복 조치를 강행 했던 내막이 밝혀지며 그 사유에 이목이 집중되고 있는데요.
자세한 이야기 전문가와 함께 짚어보겠습니다.
<김대호의 경제읽기> 김대호 박사와 나와계십니다.
안녕하세요?
<질문 1> 백색국가에서 일본을 제외하기로 한 우리정부의 결정에 대해 일본 경제산업성이 '보복조치'라는 의견서를 보내왔습니다. 우리 정부는 보복이 아니며 구분을 따로하는 것이라고 답변했는데요. 일련의 대화, 어떻게 보셨습니까? 지난 7월에 비슷한 내용의 대화를 나눴던 느낌이 들죠?
<질문 1-1> 일본은 연일 국제여론을 형성하기 위한 시도에 박차를 가하고 있습니다. 어떤 주장을 하고 있나요?
<질문 2> 이런가운데 일본의 수출규제 조치에 대한 내막이 나와 눈길을 끌고 있습니다. 일본 정부는 당초 징용 피해자 배상 판결 대응책에 대해 '경고'정도의 수위를 생각했지만 경제산업성이 논의를 주도하면서 분위기가 달라졌다는건데요. 경제산업성, 무엇을 노리고 판을 확대한걸까요?
<질문 3> 일본의 한 참의원은 일본 정부가 반도체 부품의 한국 수출 규제를 강화한 것이 일본 기업의 잘못에서 비롯된 것이라고 주장하고 있습니다. 이 말이 사실이라면 수출규제 초기, 원인을 한국의 전략물자 관리 소홀로 돌렸던 일본 정부에도 책임을 물을 수 있을까요?
<질문 4> 일본의 수출규제이후 일본의 소재와 부품을 국내산으로 대체할 수 있느냐 또한 주요 이슈였는데요. 대체품를 얼마나 찾았나요? 수출규제 최전방에 위치한 국내 기업들은 수입품 대체에 대해 어떤 의견을 보이고 있는지도 궁금한데요?
<질문 5> 한편, 일본의 수출 규제 이후 국내에서 불매운동 대상이 된 일본자동차의 판매가 급감한 것으로 나타났습니다. 일본 차 연간 판매대수가 마이너스로 돌아선 것은 이번이 처음이라던데 불매운동의 영향이 점점 커지고 있다 볼 수 있을까요?
연합뉴스TV 기사문의 및 제보 : 카톡/라인 jebo23
▶ 연합뉴스TV 네이버 채널 구독
▶ 생방송 시청
▶ 대한민국 뉴스의 시작, 연합뉴스TV 앱 다운받기",2019-09-05 18:17:50,연합뉴스TV,https://n.news.naver.com/mnews/article/422/0000391267?sid=101,반도체 수출
"수출 9개월째 감소…""日규제 영향 제한적""","[앵커]
우리 수출이 지난달에 감소세를 보였습니다.
수출 감소는 9개월째 이어졌는데, 미·중 무역 분쟁 등 대외 여건이 좋지 않기 때문입니다.
정부는 일본 수출 규제 영향은 아직 제한적이라고 강조했는데요.
경제부 연결해 자세한 소식 알아보겠습니다.
김지수 기자.
[기자]
네. 오늘(1일) 산업통상자원부는 지난달 수출이 442억 달러로 작년 같은 달보다 13.6% 감소했다고 밝혔습니다.
수출은 지난해 12월에 -1.7％로, 마이너스로 돌아선 이후 9개월 연속 감소세를 보였는데요.
2015년 1월부터 19개월 연속 마이너스를 기록한 이후 최장기간입니다.
다만, 지난달 미·중 수입도 4.2% 줄어든 424억7,700만달러로 집계돼, 무역 수지는 17억2,300만 달러로 91개월 연속 '흑자'를 기록했습니다.
우리 수출이 부진한 것은, 올해 고조되고 있는 미·중 무역분쟁으로 세계 교역이 둔화한 가운데 주력 품목인 반도체 수출 감소세가 이어지고 있기 때문으로 분석됩니다.
반도체와 석유화학의 지난달 수출이 각각 30.7%, 19.2% 감소했으나 자동차와 선박, 이차전지 수출은 증가했습니다.
지난 7월부터 시작된 일본의 수출 규제로 인한 수출입 영향은 제한적인 것으로 나타났습니다.
일본에서 3개 수출규제 품목 수입액이 일본에서 들여오는 전체 수입액에서 차지하는 비중이 1.8％ 수준이고요.
또 우리 기업의 일본 수출 규모도 지난달 6.2% 줄어들긴 했지만, 수출 규제 전 수출입 증감률 동향과 큰 차이가 없습니다.
산업부 관계자는 ""일본의 3개 품목 수출규제가 실제 생산 차질로 연결된 사례가 없다""며 ""일본 수출 규제가 한국의 대외 수출에 미치는 영향은 제한적인 것으로 평가된다""고 밝혔습니다.
지금까지 보도국에서 연합뉴스TV 김지수입니다.
연합뉴스TV 기사문의 및 제보 : 카톡/라인 jebo23
▶ 연합뉴스TV 네이버 채널 구독
▶ 생방송 시청
▶ 대한민국 뉴스의 시작, 연합뉴스TV 앱 다운받기",2019-09-01 11:10:38,연합뉴스TV,https://n.news.naver.com/mnews/article/422/0000390605?sid=101,반도체 수출
"""미중 관세전쟁, 수출 단기영향 크지 않으나 수요감소 대비""","산업부, 8개 업종과 '통상환경 대응 점검회의'
(서울=연합뉴스) 김성진 기자 = 격화되고 있는 미중 관세전쟁이 한국 수출에 미치는 직접적 영향은 단기적으로 크지 않으나 장기화 가능성에 대비할 필요가 있는 것으로 분석됐다.
산업통상자원부는 2일 광화문 무역보험공사에서 김용래 통상차관보 주재로 '통상환경 대응 점검회의'를 개최했다며 이같이 밝혔다.
이번 회의는 미국과 중국이 1일부터 서로 3천억달러, 750억달러 규모의 추가 관세를 부과하는 1단계 조치를 시행하자 업계 영향을 재점검하고 대응책을 마련하기 위해 열렸다.
이 자리에는 코트라(KOTRA)·무역협회·무역보험공사 등 수출지원기관, 반도체·자동차·기계 등 8개 업종별 협단체들이 참석했다.
이들 단체는 그간 미중 상호 관세부과와 마찬가지로 이달 들어 새로 부과된 추가관세도 우리 수출에 단기적으로 직접적인 영향은 크지 않을 것이라고 전망했다.
그러나 미중 분쟁이 세계 경기둔화로 이어져 수출수요가 감소할 가능성을 우려했다.
아울러 최근 미중 무역분쟁이 관세부과를 넘어 기술패권 경쟁 및 환율조작국 지정 등으로 확전됨에 따라, 미중분쟁의 장기화 가능성을 염두에 둬야 한다고 덧붙였다.
김용래 통상차관보는 ""일본의 수출규제 조치에 이어 최근 미중 무역분쟁 확대 등 통상환경의 불확실성이 커지고 있다""면서 ""업계가 대외적 변화와 충격에 능동적으로 대응할 수 있도록 수출시장 다변화와 산업경쟁력 확보에 힘쓰겠다""고 말했다.
산업부는 이에 따라 기업들의 새로운 수출시장 개척과 안정적인 글로벌 공급망 확보를 위해 수출상품 고부가 가치화를 꾀하고 자유무역협정(FTA) 네트워크를 신남방·신북방으로 다변화할 방침이다.
또 소재·부품·장비 등 후방산업의 경쟁력 강화대책을 통해 한국 산업이 전반적으로 경쟁력을 가질 수 있도록 할 계획이다.
sungjin@yna.co.kr
▶확 달라진 연합뉴스 웹을 만나보세요
▶네이버 [연합뉴스] 채널 구독
▶뭐 하고 놀까? #흥",2019-09-02 15:00:00,연합뉴스,https://n.news.naver.com/mnews/article/001/0011055498?sid=101,반도체 수출
수출 9개월째 하락세…“日 수출규제 영향 제한적”,"日의존도 줄이자…LG디스플레이 ‘불화수소’ 국산화 성공
■ 경제와이드 모닝벨
[앵커]
지난달 우리나라 수출이 감소세를 지속했습니다.
그나마 일본의 수출 규제조치로 인한 영향은 크지 않은 것으로 나타났습니다.
일본의 수출규제에 대응한 정부와 기업들의 움직임은 계속되고 있습니다.
관련 내용들 윤성훈 기자와 알아보겠습니다.
지난달 수출 얼마나 됐나요?
[기자]
산업통상자원부는 지난달 수출액이 442억 달러로, 지난해 같은 기간보다 13.6% 줄어들었다고 어제(1일) 밝혔습니다.
지난해 12월 수출이 1.2% 감소한 이후 9개월 연속으로 하락세를 이어간 겁니다.
특히, 지난 6월과 7월에 이어 3개월 연속 두 자릿수 감소율을 보이고 있습니다.
수출에서 큰 비중을 차지하는 반도체 수출액이 크게 줄었는데요.
반도체 수출액은 79억8000만달러로 지난해 같은 달보다 30.7% 줄었습니다.
또, 철강 수출액도 미국과 중국 등 주요국 생산량이 늘어나면서 20% 가까이 감소했습니다.
산업부는 미·중 무역분쟁으로 인해 세계 경기와 교역이 위축됐고, 제조업 경기 부진의 악순환이 이어지고 있기 때문이라고 설명했습니다.
[앵커]
일본의 수출규제조치로 인한 영향은 어떻게 나타났나요?
[기자]
산업통상자원부에 따르면, 지난 7월 우리의 대 일본 수출은 지난해보다 0.3% 줄어든 것으로 나타났습니다.
반면, 일본의 대 한국 수출은 6.9% 감소한 것으로 집계됐습니다.
지난 7월 일본의 한국 수출 감소폭이 한국의 일본 수출 감소 폭보다 23배 큰 겁니다.
올 들어 7월까지 누계로 대일본 수출이 -5.4%의 감소세를 보이고 있는 가운데, 지난달 대일본 수출도 석유제품과 석유화학·차부품 등의 부진으로 6.2% 감소했지만 일본 수출규제가 영향을 미친 것은 아니라는 분석입니다.
산업부 관계자는 일본의 대 한국 수출 감소 폭이 우리보다 더 큰 것은 1차적으로 일본의 수출 규제 때문이고, 심리적 요인이 겹쳤을 수 있다고 설명했습니다.
[앵커]
민관에서 일본에 대한 소재, 부품 의존도를 줄이기 위한 노력이 한창인데, 성과가 있었다고요?
[기자]
네, LG디스플레이가 일본의 수입비중이 높은 고순도 불화수소 국산화에 성공했습니다.
LG디스플레이는 국내 한 업체가 공급한 불화수소 안정성 테스트 과정을 마무리 짓고 이달 중 생산공정에 적용할 것으로 보입니다.
하지만 국내에서 생산할 수 있는 불화수소의 양이 많지 않기 때문에, 당분간은 일본산 수입을 병행할 방침입니다.
삼성디스플레이 역시 이달 중으로 국산화 테스트를 마칠 것으로 알려졌습니다.
불화수소는 지난 7월 일본의 수출규제강화 품목에 포함했던 것으로 반도체와 디스플레이 세정 공정에 필요한 핵심소재입니다.
우리 기업들이 핵심 소재와 부품에 대한 국산화를 진행하면서, 반도체와 디스플레이 업체들의 일본산 수입 의존도가 낮아질 것으로 보입니다.
[앵커]
그런가 하면 우리도 일본을 화이트리스트에서 제외하는 절차가 막바지에 들어갔죠?
[기자]
네, 한국이 일본을 화이트리스트에서 배제하는 조치가 초읽기에 들어갔습니다.
산업부는 ‘전략물자 수출입고시 일부개정안’의 의견 접수를 내일까지 마무리합니다.
이후 규제 심사 통과 절차를 거치게 됩니다.
개정안이 발효되면 한국 기업이 수입규제를 받는 것처럼 일본 기업도 한국산을 수입할 때 규제받게 됩니다.
이번 개정안은 일본을 화이트리스트 ‘가’군에서 화이트리스트 혜택이 없는 ‘가의2’군으로 재분류하는 내용을 담고 있습니다.
이렇게 되면, 일본 기업은 한국 정부가 전략물자로 분류한 1735개 품목을 수입할 때 까다로운 절차를 거쳐야 합니다.
[앵커]
윤성훈 기자, 잘 들었습니다.
윤성훈 기자(yyy@sbs.co.kr)
☞ 의견 있는 경제채널 SBSCNBC
[홈페이지]
☞ 경제를 실험한다~ #머니랩
[네이버 TV]
저작권자 SBS미디어넷 & SBS I&M 무단전재-재배포 금지",2019-09-02 09:09:32,SBS Biz,https://n.news.naver.com/mnews/article/374/0000192588?sid=101,반도체 수출
D램값 진정에 … 반도체株 `불안한 미소`,"D램값 8개월만에 하락 멈춰
올해 첫 횡보…바닥론 힘실려
SK하이닉스 주가 5.59% 상승
삼성전자 리더십 리스크 불구↑
D램 반등세 일시적 현상 가능성
오너가 둘러싼 대외악재도 변수
외국인, 8월 삼전 1.2조 순매도
반도체 가격 급락 국면이 진정되면서 반도체 투톱의 실적 '바닥론'에 대한 기대감이 커지고 있다. 다만 가격 반등이 일본 수출규제 여파에 대한 우려가 반영된 것임을 감안할 때 시장 상황은 당분간 유동적일 것이라는 전망도 나온다.
특히 삼성전자의 경우에는 리더십 리스크 확대 등 악재를 감안하면 실적 회복세가 주가 상승으로 곧장 연결되기는 쉽지 않다는 분석도 제기된다.
30일 D램익스체인지에 따르면 8월 D램 값(DDR4 8Gb 고정거래가격)은 2.94달러로 전달(7월)과 같았다. D램 값이 올해 들어 내림세를 벗어나기는 8월이 처음이다. 올해 이후 D램 가격은 매달 평균 두 자릿수 하락세를 이어왔는데 이 같은 흐름에 제동이 걸린 것이다.
반도체 업황에 대한 기대감이 커지면서 이날 삼성전자 주가는 전 거래일 대비 1.38%, SK하이닉스는 5.59% 상승 마감했다. D램과 낸드플래시 등 메모리 반도체 가격은 지난해 하반기부터 계속 추락을 거듭해왔다. D램익스체인지는 가격 하락의 배경으로 미국과 중국의 무역 분쟁에 따른 불확실성 확대를 지목한 바 있다. 반도체 수요와 공급 불균형이 지속돼 업황이 침체된 상황에서 미·중 무역분쟁이라는 악재까지 겹치며 수요·둔화가 더욱 가속화했다는 것이다.
반도체 업계에서는 SK하이닉스와 미국 마이크론이 감산을 공식화한 데다 삼성전자도 생산라인 최적화 등을 통한 감산에 들어갈 경우 메모리 반도체 글로벌 공급과잉이 조기에 해소될지에 관심이 쏠리고 있다. 10개월 가까이 지속된 메모리 반도체 '다운턴(하락 국면)'의 직접 원인이 공급과잉에 따른 가격 하락이었던 만큼 업체들의 감산과 설비투자 축소 등이 가격 반등 요소로도 작용할 수 있다는 분석이다.
증권업계에서는 이에 힘입어 올 하반기 반도체 투톱의 실적 개선이 이뤄질 것으로 전망하고 있다. 증권사 3개사 이상이 추정한 삼성전자의 3분기 영업이익은 6조9331억원으로 2분기 6조5971억원 대비 소폭 증가할 것으로 추정된다. 4분기에는 삼성전자의 영업이익이 7조원대를 회복할 것으로 예상된다. SK하이닉스 역시 올해 3분기를 저점으로 4분기부터 실적이 턴어라운드 할 것이란 전망에 무게가 실린다.
최도연 신한금융투자 연구원은 ""3분기부터 D램, 낸드 재고 감소와 가격 하락폭이 축소될 것으로 예상된다""며 ""단기적으로는 일본 부품·소재 수출규제 이슈가 D램 현물가격에 긍정적인 영향을 미쳤다""고 분석했다.
다만 D램 가격 반등세가 일시적인 현상에 그칠 수 있다는 시각도 나온다. D램 시장이 수요 감소에서는 벗어나더라도 대외 불확실성의 영향으로 수요 회복 강도가 기대에 미치지 못하고 있다는 것이다. 재고 수준이 당초 예상했던 것보다 증가했고, 하반기 재고 감소 속도도 기대보다 느려질 것이라는 전망이 유효하다는 분석이다. D램익스체인지는 앞선 보고서에서 ""(가격 회복세까지) 2~3분기가 더 지나야 할 것이고 가격 하락선도 현재에서 30~40% 더 떨어질 수 있다""고 분석했다.
최 연구원은 ""공급 차질이 발생하지 않으면 기대감에 의한 현물 가격 상승분은 일부 반납할 수 있다""며 ""이에 따른 주가 변동도 염두에 둬야 한다""고 덧붙였다.
반도체 업황이 회복되더라도 삼성전자를 둘러싼 잇단 악재가 주가 회복의 걸림돌이 되고 있다는 지적도 나온다. 일본의 반도체 수출규제가 현재 진행형인 데다, 최순실 국정농단 사건과 관련한 대법원 상고심에서 이재용 삼성전자 부회장에 대해 파기환송이 결정되면서 리더십 불확실성도 커진 상태다.
김동원 KB증권 연구원은 ""파기환송심을 준비해야 하는 이재용 부회장이 미래 사업에 대한 전략적 의사 결정을 하기 쉽지 않다""며 ""2012년 230조원 수준에서 매출 성장이 7년간 둔화되고 있는 삼성전자는 오너 중심의 중장기 사업 전략 수입과 해외 대형 인수·합병(M&A) 등을 통해 성장을 모색하려고 했던 계획에 차질이 생길 것""이라고 평가했다.
실제 삼성전자는 이달 들어 외국인을 중심으로 강한 매도세가 나타나기도 했다. 외국인은 8월 한 달간 삼성전자 주식을 1조1935억원 순매도했다. 이달 삼성전자 외국인 순매도 규모는 1년4개월 만에 최대치다. 일본 수출규제 우려가 불거진 지난달에도 1조원 넘는 순매수세가 나타났던 것을 감안하면 상황이 급반전한 것이다.
이재윤 유안타증권 연구원은 ""반도체 소재 수출규제로 인한 재고 소진 기대감에 지난달 외국인들의 순매수세가 이어졌지만 이달 들어 일본이 반도체 소재 수출 길을 일부 열어주면서 기대감이 꺾인 것으로 평가된다""며 ""국내 증시 전체를 바라보는 외국인 시각이 부정적으로 바뀌면서 국내 증시 대표주인 삼성전자에 외국인 매도가 대거 몰렸다""고 분석했다.
[유준호 기자 / 황순민 기자]
▶네이버 메인에서 '매일경제'를 받아보세요
▶뉴스레터 '매콤달콤' 구독
▶무궁무진한 프리미엄 읽을거리
[ⓒ 매일경제 & mk.co.kr, 무단전재 및 재배포 금지]",2019-08-30 17:53:08,매일경제,https://n.news.naver.com/mnews/article/009/0004419618?sid=101,반도체 수출
“일 마음대로 수출 제외·허가 용인 못해”,"홍남기 부총리 “정부가 고려할 수 있는 대안 검토·준비”
일본 백색국가 제외 ‘초읽기’…3일까지 국민의견 수렴
홍남기 부총리 겸 기획재정부 장관(사진)은 1일 “일본 정부가 마음에 따라 수출을 허가하는 것을 용인할 수 없다”고 말했다. 일본을 한국의 백색국가에서 제외하는 정부의 ‘전략물자 수출입고시’ 시행도 초읽기에 들어갔다. 일본이 최근 반도체 소재 일부 품목의 한국 수출을 3차례 허가했지만 해결책이 될 수 없다는 점을 분명히 한 것으로 풀이된다.
홍 부총리는 이날 KBS 1TV <일요진단 라이브>에 출연해 “일본이 최근 일부 품목에 한해 수출 허가 조치를 했지만 마음먹기에 따라 언제든지 다시 (수출 허가를) 제한할 수 있기 때문에 문제가 해결됐다고 볼 수 없다”며 이같이 말했다. 그는 “정부로서는 이런 상황이 장기화하는 것을 용인할 수 없다”고 밝혔다. 앞서 일본은 반도체 등 3개 품목에 대한 한국 수출규제 이후 8월 들어 포토레지스트, 고순도 불화수소(에칭가스) 등 2개 품목의 수출을 모두 3차례 허가한 바 있다.
홍 부총리는 “일본의 경제보복 조치가 철회되지 않을 경우에 대비해 정부가 고려할 수 있는 여러 가지 대안에 대해 검토하고 충분히 준비하고 있다”며 “일본의 수출규제로 부품이나 소재를 조달하지 못해 생산 차질로 피해를 본 기업은 아직 없다”고 강조했다. 이어 “일본이 지금보다 상황을 악화시키는 추가 조치를 할 것이라고 생각하지 않지만 언제 매듭지어질지 확신할 수 없어 장기화 가능성에 대해 기업과 소통하는 중”이라고 말했다.
산업통상자원부는 이달 내 일본을 한국의 백색국가인 ‘가’ 지역에서 제외하고 신설되는 ‘가의2’ 지역에 포함하는 내용을 담은 ‘전략물자 수출입고시’ 개정안을 확정·시행할 방침이다. 개정 절차에 따라 오는 3일까지 국민참여입법센터를 통해 온라인과 이메일, 팩스, 서한 등을 통해 의견을 수렴한 뒤 규제심사, 법제처 심사 등을 거치게 된다.
현재까지 의견 건수는 공개되지 않았지만 온라인 의견제출을 받는 국민참여입법센터 관련 게시글 조회 수는 2000건을 넘어섰다. 비슷한 시기 올라온 행정예고 조회 수가 1000건 이내인 점을 감안하면 상당히 관심이 높은 것이다. 정부 관계자는 “일본이 한국을 백색국가에서 제외했을 때 일본 내에서 4만여 건의 의견이 모였지만 한국은 접수 방법이 완전히 다르다”며 “상당한 의견이 모아졌고 개정 찬성의견이 더 많은 것으로 알고 있다”고 전했다.
전략물자관리원은 “전략물자를 일본으로 수출하는 한국 기업은 이달 개정 고시가 시행되면 수출허가를 받을 수 있도록 준비해야 한다”고 설명했다. 정부는 정상적인 거래이고 전용 우려가 없는 경우 기존에 해오던 대로 5일 이내에 수출허가를 내줄 방침이다.",2019-09-01 10:49:00,경향신문,https://n.news.naver.com/mnews/article/032/0002960471?sid=101,반도체 수출
"""반도체株 투톱, 이미 작년말 바닥 쳤다""","랜디 애브람스
크레디트스위스 반도체 총괄
""반도체업황, 내년 1분기 반등""
“삼성전자, SK하이닉스 주가는 이미 지난해 말 ‘바닥’을 찍은 것으로 봅니다. 업황 회복에 대한 기대로 주가가 먼저 반응한 것입니다.”
3일 서울 장충동 신라호텔에서 만난 랜디 애브람스 크레디트스위스 아시아태평양지역 반도체 업종 리서치총괄(사진)의 한국 반도체주에 대한 평가다. 그러면서 그는 “메모리 반도체 업황은 내년 1분기부터 본격 반등할 것”이라고 했다. 애브람스 총괄은 크레디트스위스에서 미국과 아시아 지역의 파운드리, 팹리스 등 주요 반도체 기업과 산업 분석을 담당하는 전문가다.
그는 “메모리 반도체 기업들의 어려운 사정이 앞으로 6개월간은 이어질 것”으로 전망했다. 이는 한국 반도체 업종 담당 애널리스트들이 4분기를 반등 시점으로 보고 있는 것에 비해 다소 늦은 시점이다.
“4세대(4G) 이동통신이 5G로 넘어가면서 신규 스마트폰 공급이 줄고 있고, 이에 따라 부품 수요가 늘지 않고 있다”는 분석이다. 그는 “애플의 아이폰만 해도 올해 기능적으로 달라진 점이 거의 없었다”며 “이 때문에 부품도 신규 주문하지 않고 재고를 소진하는 방식으로 제품을 생산하고 있다”고 설명했다.
반도체 기업들이 쌓아둔 재고도 부담이다. 크레디트스위스에 따르면 지난 2분기 세계 반도체 기업들의 평균 재고일수(재고를 소진할 때까지 걸리는 기간)는 112.3일로 전 분기보다 1.2일 줄었다. 그러나 전년 동기(97일)보다는 15.3일 늘어났다.
미·중 무역분쟁이 격화되고 있는 것도 걱정거리다. 애브람스 총괄은 “무역분쟁의 다음 단계로 미국은 오는 12월부터 중국산 스마트폰, 노트북 등 정보기술(IT) 기기에 관세를 부과하는 방안을 논의하고 있다”며 “제품 가격 상승으로 수요가 줄면 결국 메모리 등 반도체 판매도 감소할 것”이라고 우려했다.
그러면서도 “이 같은 흐름이 오래 지속되지 않을 것”으로 자신했다. 가장 큰 이유로는 서버 수요가 회복되고 있는 점을 들었다. 애브람스 총괄은 “반도체 기업들의 업황 전망에 변화의 흐름이 나타나고 있다”며 “인텔, 에이스피드 등은 최근 기업설명회에서 3분기부터 서버용 제품 수요가 늘고 있다고 발표했다”고 설명했다.
클라우드 시장의 성장 가능성도 여전히 크다는 평가다. 그는 “클라우드 서비스를 제공하는 회사들의 관련 매출이 연평균 40~50%로 꾸준히 늘고 있는 만큼 내년부터 반도체 주문이 증가할 것”이라고 예상했다.
아직 효과가 가시화되고 있지 않은 5G 통신 상용화도 긍정적인 부분이다. 그는 “내년부터 5G 사용량이 증가하면 관련 데이터가 늘면서 서버 수요가 커질 것”이라며 “낸드 가격은 이미 안정세로 접어들었고, D램은 내년 1분기 정도부터 가격이 본격 상승할 것”이라고 전망했다.
“한국에 대한 일본의 반도체 소재 수출규제 영향은 크지 않을 것”으로 전망했다. 공급 측면에서 삼성전자와 SK하이닉스 모두 큰 문제 없을 것이라고 밝히고 있기 때문이다. 애브람스 총괄은 “한·일 갈등 이후 가격도 스폿 가격은 올랐지만 실제로 물량을 판매하는 계약 가격은 크게 오르지 않았다”며 “문제가 해결될 경우 스폿 가격이 일부 조정받는 수준에 그칠 것”으로 내다봤다.
강영연 기자 yykang@hankyung.com
▶
네이버에서 한국경제 뉴스를 받아보세요
▶
한경닷컴 바로가기
▶
모바일한경 구독신청
ⓒ 한국경제 &
hankyung.com
, 무단전재 및 재배포 금지",2019-09-03 17:46:06,한국경제,https://n.news.naver.com/mnews/article/015/0004203292?sid=101,반도체 수출
"""日수출규제에 불확실성 커져"" 제조업 체감경기 '한겨울'","8월 BSI 68···올 1월 이후 최저
내수기업도 10년5개월來 최악
[서울경제] 일본의 수출 규제 여파 등 대외 불확실성 심화로 제조업의 체감경기가 올해 1월 이후 최저를 기록했다. 내수기업의 체감경기도 10년 5개월 만에 최저치를 기록해 수출기업과 내수기업 모두 경기 침체에 따른 수요 둔화를 호소하는 것으로 나타났다.
한국은행이 29일 발표한 ‘2019년 8월 기업경기실사지수(BSI) 및 경제심리지수(ESI)’ 자료에 따르면 8월 제조업 업황 BSI는 68로 전월대비 5포인트 하락했다. 지난 6월 이후 3개월 연속 하락으로 올해 1월 67이후 가장 낮다. 한은 관계자는 “신차 판매 증가로 자동차가 8포인트 상승했지만 전자·영상·통신장비와 전기장비가 각각 11포인트, 8포인트 하락했다”고 설명했다. 전자·영상·통신장비는 반도체를 포함한다. 미중 무역분쟁 장기화와 일본 수출 규제 심화로 반도체 글로벌 수요가 회복은커녕 뒷걸음칠 수 있다는 우려가 반영된 것이다. 한은 관계자는 “일본 수출규제 영향이 뚜렷한 요인으로 나타나지는 않지만 없다고 얘기할 수는 없을 것”이라며 “예를 들어 전기장비 업종에서 업황 악화의 원인을 수요 둔화라고 표현한 것은 미·중 무역분쟁 등이 복합적으로 영향을 미치는 것”이라고 설명했다.
기업형태별로는 수출기업은 80, 내수기업은 62로 모두 전월 대비 4포인트 하락했다. 특히 내수기업의 BSI는 2009년 3월 56 이후 10년 5개월 만에 가장 낮은 수준으로 떨어졌다. 한은은 “수요 둔화에 따른 중소 부품업체 간 경쟁 심화로 부정적인 응답이 늘었다”고 설명했다. 대형 수출 기업에 납품을 하는 부품 업체들의 체감 경기가 크게 위축 됐다는 뜻이다.
비제조업 업황 BSI는 휴가철을 맞아 숙박업이 14포인트 상승한 87을 기록했다. 다만 부동산업은 59로 10포인트 하락했다. 정부의 분양가 상한제 발표 영향이다. 부동산 업황 BSI는 2013년 8월 이후 가장 낮았다.
/박형윤기자 manis@sedaily.com
[서울경제 바로가기]
▶ 한눈에 보는 시그널 '기업 재무정보'
|
▶ 네이버TV로 서울경제썸 구독하기
▶ 네이버 메인에서 'No. 1 뉴스' 서울경제를 만나보세요
저작권자 ⓒ 서울경제, 무단 전재 및 재배포 금지",2019-08-29 17:23:04,서울경제,https://n.news.naver.com/mnews/article/011/0003610952?sid=101,반도체 수출
반도체 값 하락 장기화… 전체 수출실적 악화,"美中 무역전쟁-日규제로 내년에도 장담 못해
수출 9개월 연속 뒷걸음
수출이 지난해 12월부터 9개월 연속 마이너스(―)를 나타낸 이유는 지난해 수출 호황을 견인했던 반도체 가격 하락세가 장기화하고 있기 때문이다. 미중 무역분쟁에 일본 수출 규제까지 악재가 겹치며 반도체 업황이 반등할 수 있는 동력도 부족한 상황이다. 지난달 전체 수출은 13.6% 줄었지만 이 중 반도체를 제외하면 증감률은 ―8.7%로 다소 완화된다. 반도체 수출 부진이 전체 실적 악화에 크게 영향을 주고 있음을 보여준다.
반도체 주력 수출품인 D램과 낸드플래시 가격은 공급 과잉과 글로벌 경기 악화로 지난해에 비해 크게 떨어진 상태다. D램 현물가격은 8GB(기가바이트) 기준 지난해 8월 7.70달러에서 올해 8월 3.54달러로 54% 급락했다.
단가 하락 때문에 지난달 반도체 수출은 물량 기준으로는 1년 전보다 4.5% 늘었지만 금액 기준으로는 30.7% 줄었다. 반도체 수출 실적은 지난해 12월 ―8.4%로 떨어진 뒤 올해 들어 내내 두 자릿수 하락세를 보이다 급기야 지난달 올해 최대 낙폭을 기록했다.
문제는 올해는 물론 내년까지 반도체 시장의 부진이 이어질 수 있다는 점이다. 이 경우 반도체에 의존해 온 한국 수출 시장도 타격이 불가피하다. 세계반도체무역통계기구(WSTS)는 지난해 8월 올해 반도체 시장이 5.2% 성장할 것으로 예상했지만 가격 하락이 이어지자 올해 6월(―12.1%)과 8월(―13.3%) 전망치를 하향 조정했다.
반도체 업계 관계자는 “일본 수출 규제 후 수요가 반짝 늘면서 메모리반도체 가격이 반등했지만 안심할 수준은 아니다”라며 “삼성전자 등이 비메모리 분야인 시스템반도체에 투자를 집중하는 것도 메모리 시장 부진의 여파로 볼 수 있다”고 말했다.
글로벌 반도체 시장 위축은 삼성전자, SK하이닉스 등 국내 대기업들의 실적 하락으로 이어지고 있다. 삼성전자의 올해 상반기 누적 영업이익은 12조8304억 원으로 지난해 같은 기간(30조5112억 원)보다 57.95% 감소했다.
메모리 반도체 비중이 90% 이상인 SK하이닉스는 실적 하락폭이 더 크다. 올해 상반기 SK하이닉스의 누적 영업이익은 2조41억 원으로 2018년 상반기(9조9413억 원)보다 80% 줄었다.
내년에는 반도체 시장이 올해보다 다소 호전될 것이라는 전망이 나오지만 국내 반도체 업계에서는 이마저도 장담할 수 없다는 위기의식이 가득하다. WSTS는 내년 반도체 시장 매출이 올해보다 4.8% 증가할 것으로 보고 있다. 재계 관계자는 “올해에도 하반기 들어 메모리반도체 업황이 회복할 것이란 전망이 많았지만 기대만큼 수요와 가격이 살아나지 않고 있다”며 “내년 업황도 아직 낙관하기 이르다”고 말했다.
이런 와중에 일본의 수출 규제로 반도체 업체들이 소재 조달에 노심초사하고 있는 점 또한 내년 전망을 불투명하게 하는 요인이다. 당장은 생산에 차질이 없다고는 하나 한일 관계의 변동성이 커진 만큼 긴장의 끈을 놓지 못하는 상황이다.
한편 산업부는 일본의 수출 규제가 아직까지는 한국의 전체 수출입 시장에 미치는 영향이 제한적이라고 분석했다. 지난달 대(對)일본 수출은 6.2%, 수입은 8.2% 줄었다. 산업부 관계자는 “7, 8월 일본과의 수출입이 감소했지만 올해 평균치와 비슷한 수준”이라고 말했다.
세종=송충현 balgun@donga.com / 유근형 기자
▶ 동아일보 단독 뉴스
/
트렌드 뉴스
▶ 네이버 홈에서 [동아일보] 채널 구독하기
ⓒ 동아일보 & donga.com, 무단 전재 및 재배포 금지",2019-09-02 03:00:13,동아일보,https://n.news.naver.com/mnews/article/020/0003238564?sid=101,반도체 수출
"中 반도체 추격 본격화…YMTC ""64단 낸드 양산 시작""","모회사 칭화유니, D램 양산 준비 박차…안방 시장 우선 공략할 듯
(상하이=연합뉴스) 차대운 특파원 = 중국의 핵심 반도체 기업인 칭화유니그룹(淸華紫光)의 자회사가 64단 3D 낸드 플래시 메모리 양산에 들어가면서 본격적인 반도체 시장 도전에 나섰다.
칭화유니그룹 산하의 낸드 제조사인 YMTC(長江存儲)은 2일 회사 인터넷 홈페이지를 통해 64단 3D 낸드 기반의 256기가바이트급 낸드 양산에 이미 들어갔다고 밝혔다.
YMTC 측은 자사가 개발한 64단 3D 낸드가 시중에 유통 중인 타사의 동급 제품인 64단 또는 72단 낸드보다 밀집도가 높다고 설명했다.
전원이 꺼져도 자료가 그대로 남아 데이터의 저장과 삭제가 자유로운 낸드는 스마트폰 저장 장치나 SSD(솔리드스테이트드라이브) 등에 널리 쓰인다.
세계 낸드 시장에서는 일본 도시바와 한국 삼성전자가 양강 구도를 형성 중이다. SK하이닉스, 마이크론도 상당한 시장 비중을 차지하고 있다.
한국신용평가에 따르면 올해 글로벌 메모리반도체 기업들의 낸드플래시 예상 생산량 비중은 도시바(36.8%)와 삼성전자(32.5%)가 양대 축인 가운데, SK하이닉스(13.3%)와 마이크론(11.8%)이 10%대 점유율을 보일 것으로 전망된다.
삼성전자와 도시바는 이미 90단 이상으로 쌓은 낸드를 양산하고 있고, 최근 SK하이닉스는 지난 6월 128단 4D 낸드를 개발했다고 발표했다.
따라서 YMTC가 양산한 64단 3D 낸드는 아직 선진 반도체 기업들의 제품과는 기술 격차가 큰 것으로 평가된다.
그러나 중국 정부가 미국과 무역전쟁을 치르는 과정에서 자국 반도체 자급률을 끌어올리겠다는 확고한 정책 목표를 세워둔 터여서 향후 중국 반도체 업체들이 자국 시장을 바탕으로 급성장할 가능성이 있다는 관측도 제기된다.
미국이 자국 기업의 기술력을 앞세워 반도체 등 첨단 제품 수출에 제한을 가하자 화웨이(華爲) 등 중국 기업들은 큰 사업상의 위기를 맞고 있다. 따라서 이번 위기를 통해 중국은 반도체 등 핵심 첨단 제품 자급 의지를 더욱 키워나가고 있다.
아울러 칭화유니그룹은 올해 안에 충칭(重慶)의 양장(兩江)신구에서 D램 반도체 생산 공장을 착공한다.
수조원대 자금이 투입될 D램 공장은 12인치 D램 웨이퍼를 생산할 예정이다.
칭화유니그룹은 올해 말 공장을 착공하고, 2021년부터는 양산에 들어간다는 계획을 세워두고 있다.
이렇게 되면 칭화유니그룹은 D램과 낸드 등 메모리 반도체 분야에서 모두 주요 플레이어로 뛰어들게 된다.
작년 중국이 수입한 반도체 제품은 3천120억6천만 달러(약 378조원) 어치로 이 중 D램 등 메모리 반도체 수입액이 39%인 1천230억6천만 달러였다.
중국 정부는 2025년까지 자국 반도체 산업의 기술 자급률을 최소 70%까지 끌어올리겠다는 계획을 세워둔 상태다.
cha@yna.co.kr
▶확 달라진 연합뉴스 웹을 만나보세요
▶네이버 [연합뉴스] 채널 구독
▶뭐 하고 놀까? #흥",2019-09-02 16:42:37,연합뉴스,https://n.news.naver.com/mnews/article/001/0011056103?sid=101,반도체 수출
"日언론 ""아베의 한국수출 규제, 강제징용 판결 관련 경고 목적""","""한국정부 거센반발 예상못해
징용문제 해결돼야 정상회담""
일본 수출 규제가 한국 정부의 강제징용 배상 판결 문제 해결을 촉구하기 위해 경고 차원에서 추진됐다고 마이니치신문이 4일 보도했다.
강제징용 피해자에 대한 대법원 판결이 내려진 작년 10월 말 이후 한국 정부가 무대응으로 일관하는 상황을 바꿔 보기 위한 일종의 충격 요법이었다는 것이다.
신문은 그러나 한국 정부의 강한 반발은 일본 정부가 예상하지 못한 것이었다고 덧붙였다.
신문에 따르면 수출 규제 등에 대한 구체적인 논의가 이뤄지기 시작된 것은 올해 초 아베 신조 일본 총리가 외교적 채널을 통한 협의와 병행할 것을 지시하면서다. 이에 재무성·외무성·경제산업성·농림성 등 각 부처가 대응책 마련에 나섰다. 이후 우리 정부가 중재위원회 구성 등에 응하지 않자 일본 정부 내에서 '강한 메시지를 보낼 필요가 있다'는 주장이 힘을 얻으면서 실행에 옮길 보복 카드 선별이 시작됐다. 이 과정에서 경산성이 반도체 관련 수출 규제를 제안하자 일부에서 ""갑작스럽게 반도체를 겨냥하는 것은 안 된다""는 비판 여론이 터져 나왔다. 다만 한 경제 각료가 아베 총리에게 ""확실히 하지 않으면 문재인 대통령에게 (의미가 제대로) 전달이 안 될 것""이라고 설명하면서 강행이 결정됐다는 것이 마이니치신문이 전한 전개 상황이다.
일본 정부에선 부인하고 있지만 이번 수출 규제가 사실상 강제징용 배상 판결에 대한 보복 조치란 얘기다.
마이니치신문은 또 아베 총리가 강제징용 배상 판결과 관련해 진전이 없으면 국제회의 석상에서 문 대통령을 만나도 회담을 하지 않겠다는 뜻을 주변에 전했다고 설명했다.
[도쿄 = 정욱 특파원]
▶네이버 메인에서 '매일경제'를 받아보세요
▶뉴스레터 '매콤달콤' 구독
▶무궁무진한 프리미엄 읽을거리
[ⓒ 매일경제 & mk.co.kr, 무단전재 및 재배포 금지]",2019-09-04 17:53:06,매일경제,https://n.news.naver.com/mnews/article/009/0004422318?sid=100,반도체 수출
日 불화수소 7월 한국수출 물량 83.7% 급감…규제 여파(종합),"일본 정부 통계로 반도체 소재 수출 급감 확인은 처음
(도쿄=연합뉴스) 박세진 특파원 = 일본에서 지난 7월 한 달간 한국으로 수출된 고순도 불화수소(에칭가스) 물량이 수출 규제 영향으로 전월과 비교해 80% 넘게 감소한 것으로 나타났다.
일본 재무성이 29일 발표한 7월 품목별 무역통계에 따르면 반도체 세정 공정에 사용하는 불화수소의 지난달 한국 수출량은 479t으로, 전월 대비 83.7% 급감했다.
일본이 한국 대법원의 징용 배상 판결에 대한 첫 번째 경제보복 조치로 단행한 규제 조치가 수출 물량 급감으로 이어진 사실이 일본 정부 통계로 확인된 것은 처음이다.
일본 경산성은 지난 7월 4일부터 고순도 불화수소, 플루오린 폴리이미드, 포토레지스트 등 반도체·디스플레이 소재 3개 품목에 대해 한국으로 수출할 때 건별 허가를 받도록 하는 방식으로 수출 규제를 시작했다.
교도통신은 재무성이 이들 3개 품목 가운데 불화수소 외에 나머지 2개의 수출 통계를 따로 뽑지 않아 1차 수출 규제가 3개 품목 전체에 미치는 영향을 정확히 파악할 수 없는 상태라고 전했다.
그러나 올 1~6월 기준으로 3개 품목 가운데 불화수소의 일본 시장 의존도가 44.6%로 가장 낮았고, 나머지 두 품목은 의존도가 90%를 넘었던 점을 고려하면 더 큰 영향을 받았을 것으로 보인다.
교도통신은 일본 정부의 수출 규제 조치가 한국 기업에 미치는 영향이 뚜렷해지면서 한일 관계가 한층 악화할 가능성이 있다고 전망했다.
parksj@yna.co.kr
▶확 달라진 연합뉴스 웹을 만나보세요
▶네이버 [연합뉴스] 채널 구독
▶뭐 하고 놀까? #흥",2019-08-29 11:10:43,연합뉴스,https://n.news.naver.com/mnews/article/001/0011047628?sid=104,반도체 수출
"규제 두달만에…日, 불화수소 첫 수출허가","文 ""日, 정직해야"" 작심 비판
日 즉각 반발 ""국제법 지켜라""
일본 정부가 29일 수출통제 조치 품목인 고순도 불화수소(에칭가스)에 대해 처음으로 수출허가를 내줬다.
산업통상자원부 관계자는 ""불화수소에 대해 첫 수출허가가 나왔고 삼성전자 수입물량인 것으로 안다""고 말했다. 지난달 4일 규제가 시행된 지 56일 만이다. 이번에 허가가 난 물량은 1~2개월치 사용량에 해당하는 것으로 전해졌다.
일본 정부는 불화수소, 포토레지스트, 폴리이미드 등 반도체 3개 핵심소재에 대해 수출통제 조치를 시행 중이다. 포토레지스트 수출허가는 있었지만 군사 전용 가능성이 있는 불화수소는 이번이 첫 수출 허가다. 한국에 대한 수출규제가 경제보복이 아닌 자국 내 수출관리 절차일 뿐이라는 기존 입장을 부각하기 위한 것으로 풀이된다.
한편 문재인 대통령은 이날 ""일본은 경제보복의 이유조차도 정직하게 밝히지 않고 있다""며 ""일본은 정직해야 한다""고 말했다. 문 대통령은 이날 청와대에서 국무회의를 주재한 자리에서 ""(일본 정부가) 근거 없이 수시로 말을 바꾸며 경제보복을 합리화하려 하고 있다""며 이같이 말했다. 8·15 광복절 경축사를 통해 일본에 유화적 메시지를 내놨던 문 대통령의 대일(對日) 발언 수위가 다시 높아진 것이다. 일본의 수출 허가 조치에 대해 청와대 핵심 관계자는 ""여전히 불확실성은 남아 있다""며 ""조속히 백색국가 배제 조치가 철회되어야 한다는 기존 입장엔 변함이 없다""고 말했다.
스가 요시히데 일본 관방장관은 이와 관련해 정례브리핑에서 ""일련의 한국 대법원 판결로 만들어진 국제법 위반 상태를 해결하라고 강하게 요구하겠다""고 말했다.
[도쿄 = 정욱 특파원 / 서울 = 박용범 기자 / 임성현 기자]
▶네이버 메인에서 '매일경제'를 받아보세요
▶뉴스레터 '매콤달콤' 구독
▶무궁무진한 프리미엄 읽을거리
[ⓒ 매일경제 & mk.co.kr, 무단전재 및 재배포 금지]",2019-08-29 17:58:05,매일경제,https://n.news.naver.com/mnews/article/009/0004418873?sid=100,반도체 수출
"7월 생산·투자 증가…""日수출규제 별다른 영향 없어""(종합2보)","신차 효과·화학공장 재개로 광공업생산 32개월 만에 최대폭 증가
소비 2개월 연속 감소·건설기성 2.3%↓…경기지표는 두달째 동반 하락
(세종=연합뉴스) 김연정 이대희 김경윤 기자 = 일본 수출규제 등 대외 불확실성이 확대되는 상황에도 광공업을 중심으로 생산이 3개월 만에 증가세로 전환했고 투자도 늘었다.
일본의 수출 규제는 전체적인 생산이나 소비에는 별다른 영향이 없는 것으로 분석됐다.
다만 소비는 2개월 연속 감소하고, 건축과 토목공사 실적을 나타내는 건설기성도 2.3% 줄었다.
현재와 미래 경기를 가리키는 동행·선행지수 순환변동치도 두 달 연속 동반 하락했다.
통계청이 30일 발표한 7월 산업활동동향에 따르면 지난달 전(全)산업생산(계절조정, 농림어업 제외)은 전월보다 1.2% 증가했다.
전산업생산이 증가한 것은 3개월 만이다.
전월과 비교한 전산업생산은 지난 5월과 6월 각각 0.2%, 0.6% 감소했다가 이번에 반등했다.
산업생산은 광공업과 서비스업에서 모두 늘었다.
광공업생산은 전월보다 2.6% 늘어나면서 2016년 11월(4.1%) 이래 가장 큰 폭으로 증가했다.
이는 제조업(2.6%), 전기·가스업(3.7%), 광업(2.7%)이 모두 증가했기 때문이다.
제조업을 세부적으로 보면 자동차 생산이 6.3%, 화학제품 생산이 7.3% 늘었다. 신차 출시 등의 영향으로 자동차 생산 증가세가 두드러졌고 일부 화학제조업체의 보수작업이 마무리되고 공장이 가동되면서 화학제품 생산도 늘었다고 통계청은 설명했다.
반도체의 경우 출하량이 전월보다 4.1% 줄고, 재고는 10.9% 늘었다.
제조업 평균가동률은 74.8%로 전월보다 2.6%포인트 올랐다.
제조업 생산능력지수는 101.6(2015년=100)으로 전월보다 0.1% 증가했다. 하지만 작년 동월 대비로는 1.6% 감소했다. 이는 1971년 관련 통계가 제공된 이래 가장 큰 감소 폭이다. 지수는 작년 8월부터 12개월 연속 감소했다.
서비스업생산은 전월보다 1.0% 증가했다. 올해 1월(1.3%) 이후 6개월 만에 가장 큰 폭으로 확대했다.
금융·보험과 정보통신 생산이 각각 2.4% 증가세를 보였다.
소비 동향을 보여주는 소매판매액은 전월보다 0.9% 줄었다. 6월(-1.6%)에 이어 2개월째 감소다.
가전제품과 가구를 중심으로 내구재 판매가 2.0% 줄었고, 의복 등 준내구재 판매도 1.6% 감소했다.
통계청은 지난해 더위 탓에 냉방 가전 선구매가 이뤄졌다가 최근 들어 소폭 감소했고, 일부 업체의 건조기 성능 문제가 불거지면서 건조기 구매도 줄어든 영향이라고 분석했다.
지난달 설비투자는 전월 대비 2.1% 증가했다. 지난 4월(4.4%) 이후 가장 큰 증가 폭이다. 자동차 등 운송장비 투자가 11.3% 늘었고 기계류 투자는 1.0% 줄었다.
건설업체가 실제로 시공한 실적을 금액으로 보여주는 건설기성(불변)은 건축과 토목 공사 실적이 줄어들면서 2.3% 감소했다.
향후 건설경기를 가늠할 수 있는 건설수주(경상)는 지난해 같은 달보다 23.3% 감소했다.
경기지표는 좋지 않았다.
현재 경기 상황을 보여주는 지표인 동행지수 순환변동치는 0.1포인트 하락했다.
앞으로의 경기를 예측하는 지표인 선행지수 순환변동치도 전월보다 0.3포인트 내리면서 2개월 연속 동반 하락세를 이어갔다.
김보경 통계청 산업동향과장은 이와 관련해 ""미중 무역갈등과 일본 수출규제로 기대·전망지수 하락 폭이 커져 당분간은 선행지수 하락폭이 커질 것으로 예상된다""며 ""추세적으로는 하락 추세로 보면 된다""고 설명했다.
일본이 7월 초 발표한 수출규제의 영향에 대해서는 ""생산은 재고가 있기 때문에 거의 영향이 없었고 불매운동은 대체 소비가 나타나기에 소비에 영향이 있다고 보기는 어렵다""며 ""항공사나 여행사 등 일부 서비스업은 다소 감소하기는 했지만 영향을 좀 더 두고 봐야 한다""고 분석했다.
정부는 일본 수출규제 등 리스크 관리에 전력을 기울이는 동시에 추가경정예산 등 재정 집행을 가속화하고, 가용한 모든 정책 수단을 동원해 투자·수출·소비 활성화 등 경제 활력 제고를 적극 뒷받침하겠다는 계획이다.
기획재정부 관계자는 ""일본 수출규제 등 대외여건 불확실성 확대에도 광공업 생산이 큰 폭으로 증가하는 등 전산업생산이 증가로 전환했다""며 ""반도체 생산은 소폭 감소했으나 6월에 큰 폭으로 증가한 것을 고려한다면 일본의 수출 규제 영향은 가시화하지는 않는 모습""이라고 분석했다.
heeva@yna.co.kr
▶확 달라진 연합뉴스 웹을 만나보세요
▶네이버 [연합뉴스] 채널 구독
▶뭐 하고 놀까? #흥",2019-08-30 10:03:22,연합뉴스,https://n.news.naver.com/mnews/article/001/0011050083?sid=101,반도체 수출
수출규제 품목 또 '찔끔' 허가…일본 의도는?,"[앵커]
일본이 지난달 우리나라에 대한 수출 규제 이후 처음으로 반도체 핵심소재인 불화수소 수출을 허가했습니다.
앞서 반도체 감광액 포토레지스트는 두 차례 수출을 허용했는데요.
하지만 일본의 입장 변화라고 보긴 어려운데, 그 이유를 김지수 기자가 짚어봤습니다.
[기자]
일본 정부가 지난달 4일부터 반도체·디스플레이 소재 3개 품목의 수출을 규제한 이후 한 건의 수출을 허가한 불화수소는 반도체를 만들 때 필수적인 소재입니다.
반도체 기판의 불필요한 회로를 깎아내거나 불순물을 없애는데 쓰이는데, 세계 시장의 70％ 이상을 일본이 점유하고 있습니다.
일본의 불화수소 수출 허가 배경으로 크게 두가지가 꼽힙니다.
우선 자국 불화수소 생산업체들의 실적 악화 우려를 고려했다는 것입니다.
지난달 일본산 불화수소의 한국 수출량은 지난해와 비교해 84% 급감했습니다.
이번 수출 대상 기업은 삼성전자로 앞서 일본은 수출 규제 3개 품목 중 하나인 포토레지스트 수출을 두 차례 허가했습니다.
이 같은 수출 허가는 우리나라가 준비 중인 세계무역기구, WTO 제소를 염두에 둔 조치라는 분석이 나옵니다.
일본의 수출 규제는 경제 보복 조치가 아니며 WTO 규정에도 어긋나지 않는다는 명분을 쌓고 있다는 것입니다.
일본의 생색내기로 볼 수 있는데 우리 기업들 입장에서는 불확실성이 여전합니다.
<문병기 / 한국무역협회 수석연구원> ""정확한 근거가 없을 수 있기 때문에 부당하게 지연시키면 WTO 제소로 인해서 WTO 판결로 가도 일본이 불리한 입장에 처할 수도 있다는 고려도 있었을 것 같습니다.""
우리 정부 관계자는 ""한 건 허가로 일본 정부 입장에 변화가 있다고 보지 않는다""며 ""수출 규제 조치의 완전한 철회가 필요하다는 입장에는 변화가 없다""고 밝혔습니다.
연합뉴스TV 김지수입니다. (goodman@yna.co.kr)
연합뉴스TV 기사문의 및 제보 : 카톡/라인 jebo23
▶ 연합뉴스TV 네이버 채널 구독
▶ 생방송 시청
▶ 대한민국 뉴스의 시작, 연합뉴스TV 앱 다운받기",2019-08-30 13:14:38,연합뉴스TV,https://n.news.naver.com/mnews/article/422/0000390388?sid=101,반도체 수출
日 소재 수출허가 물량 모두 삼성으로 간 까닭…,"뉴스카페
SK하이닉스 두 달째 수입 못해
EUV 감광액은 非메모리용
메모리 중심인 SK엔 불필요
일본 정부가 수출 규제 조치 이후 세 차례에 걸쳐 반도체 소재의 한국 수출을 허가했지만 모두 삼성전자에 들어가는 물량이었다. 삼성과 달리 SK하이닉스는 두 달 동안 물량을 확보하지 못해 배경에 관심이 쏠린다.
1일 업계 등에 따르면 일본 경제산업성은 지난 7월 한국을 화이트리스트(수출절차 간소화 국가)에서 제외하겠다는 방침을 밝힌 뒤 한국으로 들어가는 반도체 소재 수출을 세 차례 허가했다. 지난달 7일과 19일 각각 EUV(극자외선)용 포토레지스트(감광액) 수출을 허용했다. 이어 같은 달 29일에는 규제 조치 이후 처음으로 불화수소 수출을 허가했다. 한국으로 들어오는 포토레지스트와 불화수소는 모두 국내 협력사를 통해 삼성전자가 납품받는 물량이었다. 삼성전자에 이어 메모리 반도체 세계 2위인 SK하이닉스로 들어가는 소재는 없었다.
반도체업계에서는 SK하이닉스의 사업구조가 삼성전자와 달라 이런 현상이 일어난 것으로 보고 있다. 포토레지스트는 웨이퍼에 회로를 그리는 공정에 쓰이지만 일본이 규제하는 EUV용 포토레지스트는 메모리 반도체가 아니라 시스템 반도체의 EUV 공정에 필요하다. 메모리 반도체 중심인 SK하이닉스는 EUV용 포토레지스트를 확보할 필요가 없다.
또 불화수소가 필요한 메모리 반도체 부문에선 SK하이닉스 생산량이 삼성전자에 비해 적다. 일본에서 들여오는 불화수소의 양도 삼성전자가 SK하이닉스보다 훨씬 많아 수입 허가가 빨리 났다는 게 업계의 시각이다. 세계 D램 시장 점유율은 삼성전자가 45.7%로 SK하이닉스(28.7%)에 비해 높다. 낸드플래시 부문에선 삼성전자(34.9%)와 SK하이닉스(10.3%)의 격차가 더 크다.
삼성전자가 메모리 반도체를 비롯해 스마트폰, TV 등에서 세계 1위를 달리는 글로벌 기업이라는 상징성 때문에 일본 정부가 삼성전자 물량을 우선 배정했다는 분석도 나온다. 다만 일본이 지금처럼 반도체 소재 수출을 제한적으로 허용하면 SK하이닉스도 곧 물량을 확보할 가능성이 크다는 게 업계의 관측이다. 업계 관계자는 “SK하이닉스도 조만간 협력업체를 통해 일본산 불화수소를 납품받을 수 있을 것”이라고 말했다.
정인설 기자 surisuri@hankyung.com
▶
네이버에서 한국경제 뉴스를 받아보세요
▶
한경닷컴 바로가기
▶
모바일한경 구독신청
ⓒ 한국경제 &
hankyung.com
, 무단전재 및 재배포 금지",2019-09-01 18:48:04,한국경제,https://n.news.naver.com/mnews/article/015/0004202024?sid=101,반도체 수출
"한용운 배출 6개 시·군 ""만해 정신 계승…일본 수출규제 규탄""","(홍성=연합뉴스) 박주영 기자 = 전국 6개 지방자치단체로 구성된 '만해 한용운 선양사업 지방정부협의회'가 일본의 경제보복 조치를 한목소리로 규탄했다.
협의회는 한용운 탄생 140주년과 경술국치일을 맞아 29일 충남 홍성군 결성면 만해 한용운 생가지에서 열린 정기 총회에서 일본 수출규제 규탄 성명을 발표했다.
이들은 성명에서 ""만해 한용운 선사는 왜 독립 선언을 했는지 묻는 일본인 검사에게 '자유는 만물의 생명이며 자유가 없는 사람은 죽은 시체와 같다'고 했다""며 ""이 문장은 100년이 지난 지금 진정한 독립과 자유가 무엇인지 다시 한번 생각하게 한다""고 밝혔다.
이어 ""일제강점기 일본의 만행으로 인한 상처를 치유하기도 전에 일본이 또다시 정치적·경제적으로 우리를 압박하고 있다""며 ""협의회는 평화로 나아가려는 우리의 발목을 잡는 일본에 대해 한용운 선사의 정신으로 협력을 요구한다""고 강조했다.
이들은 ""일본 정부는 강제 징용 피해자들에 대한 침탈을 인정하고 반도체·디스플레이 핵심 소재 수출 규제 조치를 즉각 철회하라""며 ""일본이 경제 보복을 이어간다면 시·군·구민을 대상으로 일본제품 불매운동과 일본 여행 자제운동을 벌일 것""이라고 경고했다.
만해 한용운 선양사업 지방정부협의회는 한용운의 독립정신과 문학사상을 범국민적으로 계승하자는 취지에서 한용운 선생의 유적지가 있는 전국 6개 지방자치단체(충남 홍성, 강원 인제·속초·고성, 서울 서대문·성북구)가 2016년 만든 협의기구다.
jyoung@yna.co.kr
▶확 달라진 연합뉴스 웹을 만나보세요
▶네이버 [연합뉴스] 채널 구독
▶뭐 하고 놀까? #흥",2019-08-29 14:54:49,연합뉴스,https://n.news.naver.com/mnews/article/001/0011048618?sid=101,반도체 수출
日백색국가 제외 강행…식품·목재 뺀 전품목 수출규제 '사정권',"정부 159개 품목 집중관리…일본 ICP 기업 등 적극 활용해야
(서울=연합뉴스) 김성진 고은지 기자 = 일본이 28일 예정대로 한국을 백색국가(수출절차 우대국)에서 제외하는 제도를 강행하면서 이날 0시를 기해 일본 기업들의 대(對)한국 수출 절차가 대폭 강화됐다.
정부와 전략물자관리원에 따르면 한국이 백색국가 지위를 잃으면서 비(非)민감품목 전략물자와 비전략물자여도 무기로 전용될 우려가 있는 품목의 대한국 수출 방식이 일반포괄수출허가에서 개별허가 또는 특별일반포괄허가로 바뀐다.
전략물자 비민감품목에는 첨단소재, 재료가공, 전자, 컴퓨터, 통신·정보보안, 센서 및 레이저, 항법장치, 해양, 항공우주·추진, 무기류 제외 기타 군용품목 등 857개 품목이 들어간다.
여기에 비전략물자까지 포함하면 사실상 식품과 목재를 제외하고 거의 모든 산업에 걸쳐 새로운 규제가 적용되는 셈이다.
비전략물자도 대량살상무기나 재래식무기 용도로 우려되는 경우에 해당한다면 캐치올(catch all·상황허가) 통제 대상이 되기 때문이다. 캐치올 통제는 리스트에 없는 모든 품목을 통제 대상으로 해 그렇게 불린다.
정부는 이중 이미 개별허가가 적용되거나 국내 미사용·일본 미생산으로 관련이 적은 품목, 소량 사용 또는 대체 수입으로 배제 영향이 크지 않은 품목을 뺀 159개 품목이 영향을 받을 것으로 분석했다.
특별일반포괄허가는 허가 자격이 있는 기업이 일본 모든 기업에서 일본 정부가 인증한 자율준수(ICP·Internal Compliance Program) 기업으로 바뀐다는 점만 빼면 기존 일반포괄허가와 사실상 같다.
이와 달리 개별허가는 3년간 인정해주는 허가 유효기간이 6개월로 바뀌고 신청방법도 전자신청에서 우편, 방문신청을 요구할 수 있다.
국내 기업은 일단 일본에서 수입하려는 품목이 전략물자일 경우 수출자가 특별일반포괄허가 대상인 자율준수기업(ICP기업)인지를 확인해야 한다.
일본 수출기업이 ICP기업에 해당할 경우 기존의 일반포괄허가와 비슷한 절차를 거쳐 수입할 수 있지만, 그렇지 않다면 개별허가를 받기 위한 서류를 작성해 제출하는 절차가 추가로 요구된다.
전략물자관리원은 '일본규제 바로알기' 홈페이지(https://japan.kosti.or.kr)를 통해 ICP 기업 명단과 함께 개별허가를 받는데 필요한 신청서류와 기재요령을 안내했다.
개별허가만 가능한 고순도 불화수소(에칭가스), 플루오린 폴리이미드, 포토레지스트 등 반도체 소재 3개 품목은 다른 품목보다 더 까다로운 정보를 요구할 수도 있다.
예컨대 에칭가스는 다른 화학물질 제조의 원료 또는 촉매로 사용하는 경우에 한해 제조 공정에 관한 자료를 제출하라는 요구를 할 가능성이 있다.
이 때문에 반도체 제조 공정과 관련한 정보를 빼가려는 것이 아니냐는 우려가 일기도 했으나 일단 정부는 첨단공정이나 영업기밀에 해당하는 내용을 요구하는 것은 아니라고 보고 있다.
수입 품목이 전략물자가 아니라면 캐치올 통제 대상으로 오인되지 않도록 일본 정부가 해당 품목의 사용 용도, 수입자 정보 등 관련 정보를 요구할 경우 적극적으로 제공하는 것이 좋다.
한국이 백색국가에서 제외됨에 따라 군사용으로 쓰일 우려가 있는 품목에 대해서 일본 정부는 필요하면 개별허가를 받도록 할 수 있다.
전략물자관리원은 ""국내 사례를 비춰볼 때, 비전략물자 수출에 캐치올 통제가 적용되는 경우는 드문 경우""라며 ""따라서 일본 수출자가 품목, 수입자, 거래관련 정보 요청시 명확한 답변을 제공하는 정도로 대응이 필요하다""고 조언했다.
이어 ""국내기업은 일본 수출무역관리령 개정사항을 숙지하고 수입품목의 수출통제 대상 및 수출자의 ICP 여부, 수입자 서류 등을 사전에 확인하고 준비해 수급 지연에 대비해야 한다""고 덧붙였다.
sungjin@yna.co.kr, eun@yna.co.kr
▶확 달라진 연합뉴스 웹을 만나보세요
▶네이버 [연합뉴스] 채널 구독
▶뭐 하고 놀까? #흥",2019-08-28 08:00:00,연합뉴스,https://n.news.naver.com/mnews/article/001/0011043916?sid=101,반도체 수출
[종합]수출 9개월째 내리막…반도체 수출 30.7% '뚝',"8월 한국 수출이 9개월 연속 감소했다. 일본의 수출규제와 미중 무역분쟁 심화 등 대외여건 악화 등의 영향 탓이다.
산업통상자원부는 8월 수출이 지난해 같은 달보다 13.6% 줄어든 442억달러로 집계됐다고 1일 밝혔다. 지난해 12월 수출이 -1.7%로 마이너스로 돌아선 이후 9개월 연속 감소세다. 월별로는 6월 -13.8%, 7월 -11%에 이어 3개월 연속 두 자릿수 감소했다.
단가 하락의 영향으로 반도체(-30.7%), 석유화학(-19.2%), 석유제품(-14.1%) 등 주력 품목의 수출이 부진했다.
하지만 자동차(4.6%)·선박(168.6%) 등 주력품목과 이차전지(3.6%)·농수산식품(5.7%)·화장품(1.1%) 등 신(新) 수출동력품목은 선방했다. 반도체, 석유화학 등을 중심으로 수출 물량이 0.1% 증가하면서 2개월 연속 상승한 것도 긍정적인 신호다.
1∼8월 누적 수출물량도 0.7% 늘었다. 지역별로 보면 중국(-21.3), 미국(-6.7%), 일본(-6.2%)은 감소했지만, 아세안(ASEAN·1.9%), 독립국가연합(CIS·8.8%) 등 신남방·신북방 시장 수출은 늘었다.
대일본 수출이 6.2% 줄어들긴 했지만 7월부터 시작된 일본의 수출 규제로 인한 대(對)일본 수출입 영향은 여전히 제한적인 것으로 나타났다. 7월 기준으로 반도체 소재 등 3개 수출규제 품목의 수입액은 8000만달러로 전체 대일본 수입액 41억6000만달러에서 차지하는 비중이 1.8%에 그치고 있기 때문이라고 산업부는 설명했다.
일본은 또 8월 들어 포토레지스트, 불화수소 등 두 개 품목의 수출을 모두 세 차례 허가한 상태다. 산업부 관계자는 ""일본의 3개 품목 수출규제가 실제 생산 차질로 연결된 사례가 없어 한국의 대외수출에 미치는 영향도 제한적인 것으로 평가된다""고 말했다.
수입은 424억8000만달러로 지난해 같은 달보다 4.2% 감소했다. 무역수지는 17억2000만달러의 흑자를 기록하며 91개월 연속 흑자기조를 유지했다. 산업부 관계자는 ""미중 무역분쟁 심화, 일본 수출규제 등 대외 불확실성이 커졌지만 올해 최저치인 6월보다는 조금 낫다""며 ""수출 감소에도 불구하고 물량은 2개월 연속 견조한 성장세이고 자동차, 선박 등 주력품목도 선전했다""고 말했다.
한경닷컴 뉴스룸 open@hankyung.com
▶
네이버에서 한국경제 뉴스를 받아보세요
▶
한경닷컴 바로가기
▶
모바일한경 구독신청
ⓒ 한국경제 &
hankyung.com
, 무단전재 및 재배포 금지",2019-09-01 10:02:04,한국경제,https://n.news.naver.com/mnews/article/015/0004201784?sid=101,반도체 수출
"반도체 시장 얼어붙자, 수출 9개월 연속 하락세","한국 수출의 대들보 역할을 해 온 반도체 시장이 얼어붙으며 수출이 9개월 연속 줄었다. 정부는 당초 올해 하반기부터 국제 반도체 업황이 살아나 수출 실적이 개선될 것으로 기대했지만 미중 무역분쟁 장기화 등 글로벌 불확실성이 커짐에 따라 시간이 더 걸릴 것으로 보인다.
1일 산업통상자원부는 8월 수출이 지난해 같은 기간보다 13.6% 줄어든 442억 달러로 집계됐다고 밝혔다. 수출은 지난해 12월(―1.7%) 마이너스로 돌아선 뒤 9개월 내리 하락세를 보이고 있다. 감소율이 두 자릿수를 보인 건 6월부터 3개월 연속이다. 올해 들어 8월까지 누적 수출은 3615억7000만 달러로 남은 넉 달 동안 상황이 일부 개선되더라도 연간 6000억 달러 목표 달성은 사실상 불가능할 것으로 보인다.
품목별로는 전체 수출의 약 20%를 담당하는 반도체의 낙폭이 컸다. 반도체 수출은 지난해보다 30.7% 감소했는데 이는 올해 들어 가장 큰 감소폭이다. 물량 기준으로는 전년 대비 4.5% 늘었지만 D램 국제시세가 1년 새 반 토막 나면서 금액 기준으로 크게 줄었다. 휴대전화(―35.0%), 디스플레이(―23.5%) 철강제품 (―19.7%) 석유화학(―19.2%) 등 주요 수출 품목들도 일제히 하락했다.
국가별로는 주력시장인 중국(―21.3%), 미국(―6.7%)을 포함해 유럽연합(EU·―11.5%), 중남미(―18.3%) 수출이 감소했다. 대일 수출은 22억6000만 달러로 6.2% 줄었다. 1~7월 감소폭(―5.4%)과 큰 차이가 없다.
글로벌 반도체 수급동향 조사기관인 세계반도체시장통계기구(WSTS)가 최근 내놓은 보고서에 따르면 올해 전 세계 반도체 시장 매출은 약 491조7000억 원으로 지난해보다 13.3% 줄어들 것으로 예상된다. WSTS는 지난해 8월에는 올해 반도체 시장이 5.2% 성장할 것으로 전망했지만, 이번에는 메모리 반도체 가격 하락과 미중 무역전쟁 여파로 마이너스 성장을 보일 것으로 방향을 틀었다. 내년 매출은 올해보다 4.8% 늘어날 것으로 예상했지만 6월 전망치(5.4%)보다 낮은 수준이다. 한국 반도체 업계는 일본의 반도체 소재 수출규제라는 악재까지 겹쳐 있다.
성윤모 산업부 장관은 “대외 여건의 불확실성이 커지며 수출 회복이 지연되고 있다”며 “하반기 수출 총력 지원체계를 재정비하겠다”고 말했다.
세종=송충현 기자 balgun@donga.com
유근형 기자 noel@donga.com
▶ 동아일보 단독 뉴스
/
트렌드 뉴스
▶ 네이버 홈에서 [동아일보] 채널 구독하기
ⓒ 동아일보 & donga.com, 무단 전재 및 재배포 금지",2019-09-01 17:38:05,동아일보,https://n.news.naver.com/mnews/article/020/0003238539?sid=101,반도체 수출
"日 국민도 韓 수출규제에 강경 자세...""67%, 한국 수출규제 찬성“","닛케이·TV도쿄 여론조사···아베 내각 지지율 58％로 6％p↑
[서울경제] 일본 언론이 진행한 여론조사에서 한 달 새 한국 수출 규제에 찬성하는 일본 국민들이 크게 늘고 아베 신조 내각 지지율도 높아진 것으로 2일 나타났다.
니혼게이자이신문과 민영방송 TV도쿄가 지난달 30일∼이달 1일 실시한 전화 여론조사 결과에 따르면 반도체 재료 등의 한국 수출 규제를 강화한 조치를 지지한다는 응답은 67％로, 7월 26∼28일 조사 때 비슷한 질문에 대한 답변보다 9％포인트 증가했다.
이런 조치를 지지하지 않는다는 응답은 19％로 한 달 전 조사 결과(20％)보다 약간 감소했다.
앞선 조사 때는 수출 규제 강화에 관해 ‘말할 수 없다·모르겠다’, ‘어느 쪽이라고도 할 수 없다’며 모호한 태도를 보인 응답자 비율이 22％였으나, 이번에는 이런 반응이 13％로 하락했다.
아베 신조 내각 지지층의 78％, 지지하지 않는 계층의 60％가 수출 규제 강화에 찬성하는 것으로 분석됐다.
찬성 의견을 연령별로 나누면 60세 이상이 71％였고 40∼50세가 70％, 39세 이하는 62％였다.
일본 정부가 어떤 자세로 한국과의 관계에 임해야 하느냐는 물음에는 ‘양보할 정도라면 관계 개선을 서두를 필요가 없다’는 답변이 67％로 ‘관계 개선을 위해 일본이 양보할 수밖에 없다’는 응답(21％)의 3배를 웃돌았다.
아베 내각의 지지율도 눈에 띄게 올라갔다. 이번 조사에서 아베 내각 지지율은 58％를 기록해 앞선 조사 때보다 6％포인트 높았다. 특히 남성 응답자의 지지율이 57％에서 66％로 확연하게 늘었고 여성은 47％로 앞선 조사 때와 비슷한 수준이었다. 아베 내각을 지지하지 않는다는 응답은 33％로 한달여 사이에 5％ 포인트 하락했다.
이번 조사는 일본 전국의 18세 이상 남녀를 상대로 실시됐으며 948명이 응답했고 응답률은 46.2％였다.
/김창영기자 kcy@sedaily.com
[서울경제 바로가기]
▶ 한눈에 보는 시그널 '기업 재무정보'
|
▶ 네이버TV로 서울경제썸 구독하기
▶ 네이버 메인에서 'No. 1 뉴스' 서울경제를 만나보세요
저작권자 ⓒ 서울경제, 무단 전재 및 재배포 금지",2019-09-02 09:34:07,서울경제,https://n.news.naver.com/mnews/article/011/0003612256?sid=100,반도체 수출
기업 수출규제 대응은 ‘거래처 전환’ 53%-국산화 6%,"상공회의소, 일본기업과 거래 500곳 조사
정부지원은 R&D 세액공제 확대 38%
“장기화 경우 피해 우려” 55% 응답
“산업 경쟁력 강화 계기”도 55%
일본기업과 거래하는 국내기업의 절반 이상이 수출규제가 장기화할 경우 피해가 발생할 것으로 우려한다는 조사 결과가 나왔다. 일본 수출규제 대책으로 국내기업의 절반 이상이 ‘거래처 전환’을 꼽았고, 정작 국산화 등 ‘독자기술 개발’ 추진은 많지 않았다.
대한상공회의소(회장 박용만)는 3일 일본기업과 거래관계가 있는 500개사를 대상으로 ‘일본 수출규제에 따른 산업계 영향과 대응과제’를 조사한 결과 67%가 일본기업과의 거래관계에서 신뢰가 약화됐다고 응답했다. 대한상의 강석구 산업정책팀장은 “일본기업은 우수한 품질, 적시생산시스템으로 신뢰가 높았으나 수출규제 이후 안정적 사업파트너라는 인식에 변화가 나타나고 있다”고 분석했다.
일본 수출규제가 심화하거나 장기화할 것에 대비한 대책과 관련해 대기업의 73%는 이미 대책을 마련했거나 준비 중이라고 응답했다. 반면 중소기업은 26%만이 대책을 마련했거나 준비 중이라고 답해서, 기업규모에 따라 일본 수출규제 대응책 준비에 큰 차이가 있음을 보여줬다. 구체적 대응방안으로는 신규 거래처 확보, 일본 이외 지역 개발 등 거래처 전환이 53.3%로 가장 많았다. 그 다음은 기존 일본 거래처와의 협력 강화 20.3%, 재고 확보 8.6%가 뒤를 이었다. 그러나 정부가 중점을 두고 있는 국산화 등 독자기술 개발은 6.1%에 그쳤다.
이번 사태가 일이 우리 산업에 미칠 영향에 대해서는 산업 경쟁력 강화 기회가 될 것이라는 응답이 55%에 달했다. 반면 산업경쟁력이 약화될 것이라는 응답은 30.6%에 그쳤다. 수출규제가 장기화될 경우 피해 발생이 우려된다는 응답이 55%에 달했다. 피해가 없을 것이라는 응답은 45%였다. 업종별로는 관광(87%), 반도체(85%) 등이 피해가 클 것으로 예상됐다.
정부가 지난달 소재·부품·장비 경쟁력 강화 대책을 발표한 것과 관련해 정부의 중점 지원과제로는 연구개발에 대한 세액공제 확대가 37.8%로 가장 많았다. 그 다음은 대-중소기업 협력체계 구축 32%, 규제 혁신 19.4%의 순서였다.
곽정수 선임기자 jskwak@hani.co.kr
◎ Weconomy 홈페이지 바로가기:
http://www.hani.co.kr/arti/economy
◎ Weconomy 페이스북 바로가기:
https://www.facebook.com/econohani
[▶동영상 뉴스 ‘영상+’]
[▶한겨레 정기구독]
[▶[생방송] 한겨레 라이브]
[ⓒ한겨레신문 : 무단전재 및 재배포 금지]",2019-09-03 11:05:10,한겨레,https://n.news.naver.com/mnews/article/028/0002466834?sid=101,반도체 수출
8월 수출 -13.6%…올들어 두번째 큰 폭 감소,"3개월 연속 두자릿수 줄어들어
반도체 -30.7% 석유화학 -19.2%
수입 4.2% 줄어 무역수지는 흑자
일본 보복은 아직 큰 영향 없어
반도체 등 주요 수출 품목의 글로벌 단가 하락과 미·중 무역분쟁 장기화로 인한 수출액 감소가 지난달에도 이어졌다. 지난 8월 수출액은 전년 동기에 견줘 13.6% 감소해 올해 들어 두번째로 큰 감소폭을 보였다. 일본의 한국에 대한 수출규제 강화는 아직은 한국 수출에 큰 영향을 주지 않는 것으로 나타났다.
산업통상자원부가 관세청 통관 실적 잠정치와 무역 통계를 기초로 분석해 1일 공개한 8월 수출입실적을 보면, 지난달 수출은 442억달러로 지난해 8월 대비 13.6% 감소했고, 수입은 424억8천만달러로 4.2% 줄었다. 무역수지는 17.2억달러로 91개월 연속 흑자였다.
수출 감소율은 3개월 연속 두자릿수를 보이고 있다. 지난 6월 13.8% 감소해 올 들어 최대 감소율을 보인 뒤로, 7월에는 11% 줄었고 8월엔 13.6% 감소했다. 이번달엔 미·중 무역분쟁 등 부정적인 대외 여건에 더해 기저효과까지 반영되며 감소폭이 컸던 것으로 풀이된다. 지난해 8월 한국 수출은 511억8천만달러였는데 반도체 분야가 역대 3위, 석유화학이 역대 2위의 성과를 보인 바 있다.
수출 하락폭이 컸던 품목은 반도체(-30.7%), 석유화학(-19.2%), 석유제품(-14.1%) 등이다. 반도체는 지난달 디(D)램·낸드플래시 등의 단가가 일시적으로 반등했지만, 전년 동기 대비 하락세는 이어지고 있다. 8Gb디램 가격은 지난달 8월 7.70달러에서 올 8월 3.54달러로 절반 이상 내려왔다. 낸드플래시 가격도 1년 사이 6.32달러에서 5.41달러로 떨어졌다.
석유화학은 국제유가가 지난해 8월 배럴당 72.5달러에서 지난달 59.1달러로 하락한 데다 미·중 분쟁과 홍콩 시위에 따른 금융시장 불안이 겹친 결과 수요까지 줄어들며 수출액이 감소했다. 석유제품 역시 유가 하락과 중국·베트남의 아시아 내 정제 설비 증설이 단가 하락을 이끌며 수출이 줄었다.
중국으로의 수출이 전년 동기 대비 21.3% 감소한 점도 눈에 띈다. 중국을 향한 반도체 수출액은 공급과잉과 단가하락이 이어진 결과 지난해 8월보다 36.3%가 줄어 23.3억달러였던 것으로 나타났다. 석유화학 수출액은 11억1천만달러로 19.1% 줄었고, 무선통신은 중국 내 스마트폰 시장이 포화 상태에 이르고 화웨이 등 중국 브랜드가 강세를 보이며 25%가 줄어 2.7억달러에 그쳤다.
수출 감소는 한국만 겪고 있는 문제는 아니다. 세계무역기구(WTO) 집계를 보면 지난 6월 중국·미국·독일·일본·네덜란드·프랑스·이탈리아·홍콩·영국·한국 등 수출 상위 10개국의 수출액이 모두 감소했다. 산업부는 “미·중 무역분쟁 심화로 세계 경기둔화, 세계 교역의 위축, 제조업 경비 부진의 악순환이 이어지고 있다”고 원인을 짚었다. 이같은 대외 여건이 해소되지 않으면 하반기 수출 회복도 기대했던 만큼은 어려울 것이라는 우려가 나온다.
한편 일본 수출규제 및 국내 소비자들의 일본 제품 불매운동 영향은 미미한 것으로 나타났다. 8월 일본으로부터의 수입액은 8.2% 줄었는데, 이는 한국의 수출이 전반적으로 하락함에 따라 일본산 소재·부품·장비에 대한 수요가 줄어든 영향으로 풀이된다. 일본 재무성 통계를 보면 일본의 대한국 수출은 올 1월(-11.6%)부터 지속적으로 감소해왔다. 고순도 불화수소 등 지난달 4일부터 수출 규제가 강화된 3대 소재는 일본 전체 수출액에서 지난 7월 기준 1.8%를 차지하는 데 그친다.
최하얀 기자 chy@hani.co.kr
◎ Weconomy 홈페이지 바로가기:
http://www.hani.co.kr/arti/economy
◎ Weconomy 페이스북 바로가기:
https://www.facebook.com/econohani
[▶동영상 뉴스 ‘영상+’]
[▶한겨레 정기구독]
[▶[생방송] 한겨레 라이브]
[ⓒ한겨레신문 : 무단전재 및 재배포 금지]",2019-09-01 18:50:18,한겨레,https://n.news.naver.com/mnews/article/028/0002466617?sid=101,반도체 수출
韓 대일본 수출 0.3% 줄어든 사이 日 대한국 수출 6.9% 감소,"수출 석달째 두자릿수 감소 …하반기 수출 회복 기대 '난망'
(서울=연합뉴스) 김성진 기자 = 수출이 9개월 연속 쪼그라든 속에서도 일본 수출규제의 영향은 아직 제한적인 수준에 그치고 있는 것으로 나타났다.
특히 일본이 수출규제 이후 한국에 대한 수출 감소폭이 한국의 대(對) 일본 수출 감소폭보다 23배 큰 것으로 나타났다. 한국 기업보다 일본 기업들이 더 큰 타격을 받고 있다는 점이 확인된 것이다.
산업통상자원부가 1일 발표한 8월 수출은 전년 동기 대비 13.6% 하락한 442억달러로 하반기 들어 수출 개선이 쉽지 않을 것이라는 전망에 힘을 실어줬다.
지난해 12월 이후 9개월째 이어진 마이너스 행진이다.
특히 6월 -13.8%, 7월 -11.0%에 이어 석 달째 두자릿수 하락률을 보여 수출 감소세가 심화되고 있는 점은 우려할만한 대목이다.
이런 가운데 7월 1일 일본의 반도체 소재 등 3대 품목에 대한 대한국 수출 규제 발표 이후 일본과의 갈등관계가 우리 수출에 미치는 영향은 현재까지 크지 않은 것으로 나타났다.
지난 7월 기준으로 3개 수출 규제 품목(8천만달러)이 전체 대일본 수입액(41억6천만달러)에서 차지하는 비중이 1.8%에 불과해서다. 이 때문에 대일 수입에 미치는 영향은 미미한 수준에 그치고 있다.
또 3개 품목 수출 규제가 실제 생산 차질로 연결된 사례가 없어 한국의 대외 수출에 미치는 영향도 제한적이라는 평가가 나온다.
일본은 7월 4일부터 3대 품목 수출을 제한했으나 8월 7일과 19일 포토레지스트 수출을 허가했고, 29일에는 고순도 불화수소(에칭가스) 수출을 허가한 상태다.
아울러 7∼8월 대일본 수출·수입이 감소세를 보였으나 올해 월별 증감률 범위 안에 존재하며, 무역수지 또한 올해 월별 무역수지 수준으로 특이한 동향은 없다.
1∼7월 누계로 대일본 수출이 -5.4%의 감소세를 보이고 있는 가운데 8월의 대일본 수출도 석유제품·석유화학·차부품 등 부진으로 6.2% 감소했지만 일본 수출규제가 영향을 미친 것은 아니라는 분석이다.
8월 1∼25일 부문별 대일 수출 증감률(%)은 철강(2.3), 기계(0.6) 등을 제외하고 차부품(-8.7), 섬유(-11.1), 반도체(-13.1), 석유제품(-27.1), 석유화학(-39.6) 등은 하락세를 보였다.
일본으로부터 수입도 8월 8.2% 감소했는데 이는 한국의 전반적인 수출 하락세에 따라 대일본 소재·부품·장비 수요가 줄어든 때문으로 풀이된다.
품목별 대일본 수입 감소율은 반도체 제조용 장비(-32.6%), 원동기 부품(-28.2%), 고철(-17.6%), 동판(-7.5%), 프로세스와 컨트롤러(-5.9%) 순이었다.
일본과의 무역수지는 올해 들어 월평균 10억∼20억달러 적자이고, 지난달에도 비슷한 수준인 16억3천만달러였다. 7월보다는 적자 폭이 400만달러 늘어났다.
특히 7월 기준 우리의 대일본 수출 감소(-0.3%)보다 일본의 대(對)한국 수출 감소폭(-6.9%)이 더 크게 나타나 한국보다 일본이 더 큰 영향을 받은 것으로 나타났다.
일본 재무성 통계에 따르면 일본의 대한 수출은 올해 1월(-11.6%)부터 지속적으로 감소해왔으며 지난 6월은 -14.8%였다.
산업부 관계자는 ""7월 일본의 대한 수출 감소폭이 우리보다 더 큰 것은 1차적으로 일본의 수출규제 때문일 수도 있고 심리적 요인까지 겹쳤을 수 있다""면서 ""다만 전체적인 영향은 아직 제한적으로 볼 수 있다""고 말했다.
일본 맥주 등 소비재에 대한 한국민들의 자발적 불매운동이 대일 수입에 미치는 영향 또한 아직은 상징적 수준인 것으로 평가된다.
그렇다고 안심할 상황은 아니다.
일본이 지난달 28일부터 백색국가 제외 시행에 들어가면서 기업들의 경영상 불확실성이 여전하기 때문이다.
점차 격화되는 홍콩 시위사태가 수출에 미치는 영향도 8월에는 미미했으나 일본 수출규제와 더불어 심리적 악재로 작용할 전망이다.
아울러 미국과 중국이 예고한대로 9월 1일부터 상대국 상품에 추가 관세를 부과하며 무역전쟁의 골이 더욱더 깊어지고 있다.
미중 분쟁 심화, 일본 수출규제 등으로 한국의 주력상품인 반도체 업황의 불확실성이 단가 하락과 맞물려 커지는 것이 문제다.
문병기 무역협회 수석연구원은 ""최근 수출부진의 70%는 대외 여건 악화에 따른 반도체 등 단가 하락 요인이 크다고 본다""면서 ""당초 올 하반기에는 수출이 어느 정도 회복될 것으로 기대했지만 사실상 어렵게 됐고, 그나마 잘하면 상반기 수준을 유지할 것""이라고 내다봤다.
정부는 6일 민관합동 수출전략조정회의를 개최하고 수출회복 총력전을 위한 전열을 가다듬을 계획이다.
성윤모 산업장관은 일본 수출규제와 관련, ""소재·부품·장비 산업의 핵심 기술 확보를 위해 예비타당성조사 면제를 통한 대규모 연구개발(R&D) 자금을 투입하고, 글로벌 소재·부품·장비 기업과의 인수·합병(M&A)에 무역금융을 지원해 수입선 다변화 뿐만 아니라 차세대 수출성장동력으로 육성할 것""이라고 말했다.
[표] 2019년 대(對) 일본 수출입 동향
(단위 : 백만달러, %)
※산업부 제공
sungjin@yna.co.kr
▶확 달라진 연합뉴스 웹을 만나보세요
▶네이버 [연합뉴스] 채널 구독
▶뭐 하고 놀까? #흥",2019-09-01 13:16:15,연합뉴스,https://n.news.naver.com/mnews/article/001/0011053009?sid=101,반도체 수출
"8월 수출 9개월 연속 감소…""日 규제 영향 아직 제한적""","일본의 수출규제와 미중 무역분쟁 심화 등 대외여건 악화 속에 한국 수출이 9개월 연속 감소했습니다.
다만, 일본 수출 규제가 우리 수출에 미치는 영향은 현재까지는 제한적으로 보입니다.
산업통상자원부는 8월 수출이 지난해 같은 달보다 13.6% 줄어든 442억 달러로 집계됐다고 1일 밝혔습니다.
지난해 12월 수출이 -1.7%로 마이너스로 돌아선 이후 9개월 연속 감소세입니다.
월별로는 6월 -13.8%, 7월 -11%에 이어 3개월 연속 두 자릿수 감소했습니다.
산업부는 ""미중 무역분쟁 심화와 일본 수출 규제 등 대외 여건이 악화하고 전년도 기저효과, 조업일 감소(-0.5일) 등이 복합적으로 영향을 미쳤다""고 설명했습니다.
단가 하락의 영향으로 반도체(-30.7%), 석유화학(-19.2%), 석유제품(-14.1%) 등 주력 품목의 수출이 부진했습니다.
반도체는 D램가격이 전년동기 대비 54% 하락하고 미중 분쟁 심화, 일본 수출규제 등으로 반도체 업황의 불확실성이 커진 데 따라 수출이 크게 감소했습니다.
석유제품과 석유제품 부진은 유가 하락과 기저효과 등이 주요 원인입니다.
하지만 자동차(4.6%)·선박(168.6%) 등 주력품목과 이차전지(3.6%)·농수산식품(5.7%)·화장품(1.1%) 등 신(新) 수출동력품목은 선방했습니다.
자동차 수출은 2017년 6월 이후 처음으로 5개월 연속 증가했으며, 선박은 전월 감소에서 증가로 전환했습니다.
농수산식품 및 화장품은 2개월 연속 증가하고 이차전지도 감소에서 증가로 전환했습니다.
반도체, 석유화학 등을 중심으로 수출 물량이 0.1% 증가하면서 2개월 연속 상승한 것도 긍정적인 신호입니다.
1∼8월 누적 수출물량도 0.7% 늘었습니다.
지역별로 보면 중국(-21.3), 미국(-6.7%), 일본(-6.2%)은 감소했지만, 아세안(ASEAN·1.9%), 독립국가연합(CIS·8.8%) 등 신남방·신북방 시장 수출은 늘었습니다.
대(對)중국 수출은 10개월 연속, 대(對)중남미 수출은 2개월 연속 각각 감소한 반면 아세안과 CIS로의 수출은 각각 2개월 연속, 14개월 연속 증가했습니다.
수출 부진은 비단 한국만의 문제가 아닙니다.
미중 무역분쟁 심화로 세계 경기 둔화, 세계 교역 위축, 제조업 경기 부진의 악순환이 이어지면서 수출 상위 10개국도 모두 수출(6월 기준)이 감소했습니다.
이런 가운데 대(對)일본 수출이 6.2% 줄어들긴 했지만 7월부터 시작된 일본의 수출 규제로 인한 대일본 수출입 영향은 여전히 제한적인 것으로 나타났습니다.
7월 기준으로 반도체 소재 등 3개 수출규제 품목의 수입액은 8천만달러로 전체 대일본 수입액 41억6천만달러에서 차지하는 비중이 1.8%에 불과하기 때문이라고 산업부는 설명했습니다.
일본은 또 8월 들어 포토레지스트, 불화수소 등 두 개 품목의 수출을 모두 세 차례 허가한 상태입니다.
대일 수입은 지난해 12월부터 계속 감소세를 보여왔습니다.
한국 전체 수출이 줄다 보니 일본에서 들여오는 소재·부품·장비도 계속 감소하면서 8월 대일 수입은 8.2% 하락했습니다.
8월 1∼25일 대일 수입증감률에서 반도체 제조용 장비는 -32.6%, 원동기 부품은 -28.2% 각각 감소했습니다.
일본과의 무역수지는 올해 월평균 10억∼20억 달러 적자이고, 지난달에도 비슷한 수준인 16억3천만달러였습니다.
산업부 관계자는 ""일본의 3개 품목 수출규제가 실제 생산 차질로 연결된 사례가 없어 한국의 대외수출에 미치는 영향도 제한적인 것으로 평가된다""고 말했습니다.
특히 7월 기준 한국의 대일본 수출 감소(-0.3%)보다 일본의 대한국 수출 감소폭(-6.9%)이 더 크게 나타나 한국보다 일본이 더 큰 영향을 받았습니다.
이는 일본이 상대방보다 자국 기업의 수출에 먼저 영향을 주는 수출 규제라는 수단을 쓰기 때문으로 분석됩니다.
수입은 424억8천만달러로 지난해 같은 달보다 4.2% 감소했습니다.
지난 5월부터 4개월 연속 감소세입니다.
원유(유가 변동성 확대), 반도체 제조장비(설비 투자 감소), 디젤차 승용차(수요 부진) 등 품목을 중심으로 수입이 감소했습니다.
무역수지는 17억 2천만 달러의 흑자를 기록하며 91개월 연속 흑자기조를 유지했습니다.
성윤모 산업장관은 ""오는 6일 민관합동 무역전략조정회의를 통해 하반기 수출 총력 지원체계를 재정비하고 무역금융 공급 및 수출 마케팅을 집중적으로 지원해 수출 모멘텀 회복에 최선을 다할 계획""이라고 말했습니다.
이어 ""일본 수출규제 위기를 기회로 활용하기 위해 소재·부품·장비 경쟁력 강화대책을 속도감 있게 추진할 계획""이라고 덧붙였습니다.
이정국 기자(jungkook@sbs.co.kr)
▶ [끝까지 판다] 관세청 비리 녹취 단독 입수
▶ [인-잇] 사람과 생각을 잇다
※ ⓒ SBS & SBS Digital News Lab. : 무단복제 및 재배포 금지",2019-09-01 11:37:33,SBS,https://n.news.naver.com/mnews/article/055/0000755725?sid=101,반도체 수출
일본 수출 규제 지지 여론 67%…한달 새 9%p 상승,"닛케이 여론조사, 강경 여론 확산
아베 내각 지지율 58% 올해 최고치
수출규제에 대해 일본인 67%가 지지하고 있다는 여론조사 결과가 나왔다. 한달 새 9%p 지지 여론이 상승했으며. 일본 내 대 한국 강경론이 확산하고 있음을 엿볼 수 있다.
<니혼게이자이신문>은 지난달 30일부터 1일까지 18살 이상 948명(응답자 기준)을 대상으로 전화 여론조사를 해보니 이런 결과가 나왔다고 2일 보도했다. ‘일본 정부가 한국에 반도체 소재 수출 관리를 강화한 것에 대해 지지하느냐’는 물음에 ‘지지하지 않는다’는 응답은 19%에 지나지 않았다. 지난 7월 26∼28일 조사 때 비슷한 질문에 대해 지지한다는 응답은 58%였으며, 지지하지 않는다는 응답은 20%였다.
지지한다는 응답이 9% 증가한 배경에는 유보적 태도를 보였던 이들이 강경책 지지로 위치를 옮긴 점이 작용했다. 지난 7월 조사에서 ‘말할 수 없다’ ‘모른다’ ‘어느 쪽이라고는 말할 수 없다’ 같은 답변을 했던 이들은 22%였으나 이번에는 13%로 줄었다. 수출규제 지지는 아베 신조 내각 지지층에서는 70%였으며 비지지층에서도 60%에 달했다. ‘일본 정부가 어떤 자세로 한-일 관계에 임해야 하느냐’는 질문에 대해서는 ‘양보할 정도라면 관계 개선을 서두를 필요가 없다’는 답변이 67％로, ‘관계 개선을 위해서는 일본이 양보하는 것도 어쩔 수 없다’는 응답(21％)의 3배를 넘었다.
아베 내각 지지율은 최근 상승세를 타고 있는데 대 한국 강경 여론은 지지율 상승에 날개를 달아준 모양새다. 아베 내각 지지율은 58%로 지난 조사에 비해 6%p 상승했다. 올해 들어 최고치다. 앞서 지난달 26일 발표된 <요미우리신문> 여론조사에서도 아베 내각 지지율은 58%로 올해 들어 최고치를 기록했다. 헌법 개정을 위해 ‘국회가 구체적인 논의를 해야 한다’는 의견도 77％로, ‘논의할 필요가 없다’는 답변(16％)보다 압도적으로 많았다.
도쿄/조기원 특파원 garden@hani.co.kr
[▶동영상 뉴스 ‘영상+’]
[▶한겨레 정기구독]
[▶[생방송] 한겨레 라이브]
[ⓒ한겨레신문 : 무단전재 및 재배포 금지]",2019-09-02 14:40:12,한겨레,https://n.news.naver.com/mnews/article/028/0002466693?sid=104,반도체 수출
국내 기업 67% “수출규제로 일본 기업 신뢰 약화”,"[서울경제] 일본 기업과 거래하는 국내 기업 3곳 중 2곳은 일본 정부의 수출규제 조치로 일본 기업에 대한 신뢰가 낮아지고 있다고 보는 것으로 조사됐다. 또 국내 기업의 절반가량은 수출규제가 장기화할 경우 피해를 입을 것으로 예상했다.
대한상공회의소가 3일 일본 기업과 거래 관계에 있는 국내 기업 500개사를 대상으로 조사한 결과 응답 기업의 66.6%가 ‘일본 기업과의 거래 관계에서 신뢰가 약화됐다’고 답했다. ‘영향이 없다‘는 응답은 33.4%였다.
대한상의는 “일본 기업은 우수한 품질과 적시생산 시스템으로 신뢰가 높았는데 수출규제 이후 안정적 사업파트너라는 국내 기업의 인식에 변화가 나타나고 있다”고 설명했다.
한일간 경제협력 방향을 묻는 질문에는 ‘일본 의존도를 낮추고 협력을 축소할 것’이라는 응답이 56.0%로 ‘일시적 관계 악화에도 협력을 지속할 것’이라는 응답(44.0%)을 다소 앞섰다.
또 국내 기업의 55.0%는 수출규제가 장기화될 경우 피해를 입을 것으로 예상했다. 업종별로는 관광(87.8%), 반도체(85.4%) 등의 산업에서 ‘피해가 있을 것’이란 응답이 높게 나왔다. 반면 조선(18.6%), 전지(38.7%) 등은 상대적으로 피해를 예상하는 응답이 낮았다.
아울러 상당수 기업은 이번 사태를 전화위복의 계기로 바라봤다. 일본 수출규제가 우리 산업에 미치는 영향에 대해 응답 기업의 55%가 ‘산업경쟁력 강화의 기회로 삼을 것’이라고 답했다. ‘산업경쟁력이 약화될 것’이란 응답은 30.6%였다.
한편 기업 규모에 따라 수출규제 대응에 차이가 컸다. 대기업의 경우 4곳 중 3곳(73.0%)이 이미 대책을 마련했거나 준비 중이라고 답했다. 반면 중소기업은 4곳 중 1곳(26.0%)만이 대책을 마련했거나 중비 중인 것으로 조사됐다.
구체적 대응방안은 ‘신규 거래처 확보’(46.7%), ‘기존 거래처와 협력 강화’(20.3%), ‘재고 확보’(8.6%), ‘일본 외 지역 개발’(6.6%), ‘독자기술 개발’(6.1%) 등의 순이었다.
정부의 지원과제로는 ‘연구개발(R&D) 세액공제 확대’(37.8%), ‘대·중소기업 협력체계 구축’(32.0%), ‘규제 혁신’(19.4%), ‘인수합병(M&A) 등 해외기술 구입 지원’(10.8%) 등이 필요하다고 응답했다.
규제 개선 과제로는 ‘화학물질 등록·관리 등 환경규제’(26.0%), ‘근로시간 등 노동규제’(25.2%), ‘일감몰아주기 등 내부거래규제’(24.8%)를 꼽았다.
박재근 대한상의 산업조사본부장은 “일본의 수출규제 조치를 우리나라 소재·부품·장비 산업의 경쟁력을 끌어올리는 전화위복의 기회로 보는 시각도 있다”며 “이를 현실화하기 위해서는 R&D, 규제, 노동, 환경 등 산업 전반의 시스템을 획기적으로 개선해야 한다”고 말했다.
/이재용기자 jylee@sedaily.com
[서울경제 바로가기]
▶ 한눈에 보는 시그널 '기업 재무정보'
|
▶ 네이버TV로 서울경제썸 구독하기
▶ 네이버 메인에서 'No. 1 뉴스' 서울경제를 만나보세요
저작권자 ⓒ 서울경제, 무단 전재 및 재배포 금지",2019-09-03 15:27:06,서울경제,https://n.news.naver.com/mnews/article/011/0003613276?sid=101,반도체 수출
삼성전자 반도체 생산라인서 국산 불화수소 일부 대체 성공,"민감도 낮은 공정부터 점진 교체
日 규제 두달만에 공급선 다변화
[서울경제] 삼성전자가 최근 반도체 공정에 사용되던 일본산 고순도 불화수소(에칭가스) 일부를 대체하는 데 성공했다. 일본 정부가 지난 7월 초 한국에 대해 불화수소를 포함한 3개 품목의 수출을 규제한 후 약 두 달 만이다. 삼성전자가 일본산 불화수소를 대체해 반도체 공정에 투입한 제품은 대만과 중국산 외에 국내 업체가 생산한 제품도 일부 포함된 것으로 알려졌다.
3일 업계에 따르면 삼성전자는 일부 반도체 공정에 일본산 불화수소 대체품을 투입했으며 민감도가 낮은 공정부터 점진적으로 대체품 투입을 확대해나갈 계획이다. 삼성전자 관계자는 “일본산 불화수소 일부를 대체하기 위한 테스트 작업이 성공적으로 끝나 양산에 투입하게 됐다”고 말했다.
삼성전자는 7월 일본의 수출규제 직후부터 일본산 불화수소를 대체하기 위한 국내외 제품의 테스트를 진행해왔다.
불화수소는 반도체 제조 공정에서 회로를 새길 때 사용하는 필수 소재다. 반도체·디스플레이 식각·세정에 사용되며 5월 말 기준으로 일본산 의존도가 43.9%에 달했었다.
국내외 불화수소를 테스트 중인 SK하이닉스는 아직 대체품을 양산에 투입하지는 않고 있는 것으로 알려졌다.
일본이 반도체·디스플레이 핵심소재 3종의 수출규제를 시작한 지 두 달 만에 국내 업체들은 국산화 등 대체품 투입과 공급선 다변화에 성과를 내고 있다.
반도체보다 순도가 낮은 불화수소를 사용하는 디스플레이 업계는 국산화 속도가 더 빠르다. LG디스플레이는 이미 액정표시장치(LCD)뿐 아니라 유기발광다이오드(OLED) TV 생산 공정에서 일본 제품을 대체한 국산 불화수소를 사용하기 시작했다. 삼성디스플레이도 조만간 국산 불화수소의 대체 테스트를 마무리한다.
업계에서는 국산 불화수소가 올 연말쯤이면 반도체 공정에 본격적으로 투입될 수 있을 것으로 보고 있다. 삼성전자·SK하이닉스 등 반도체 업체가 국산 시제품의 성분을 분석하고 있고 시운전에 들어가는 데 2~3개월가량의 시간이 필요하기 때문이다.
포토레지스트의 경우 삼성전자와 SK하이닉스는 벨기에 현지에 생산공장을 두고 있는 일본 업체로부터 공급을 받기로 한 것으로 알려졌다.
우리금융경영연구소는 일본이 한국을 화이트리스트(수출 우대국)에서 배제하면서 수입에 제한이 따를 수 있는 실리콘웨이퍼나 섀도마스크(FMM), 블랭크마스크, 포토마스크 등도 국산화 가능성이 높은 것으로 분석했다.
김수진 우리금융연구소 수석연구원은 “수출규제 품목 7개 가운데 포토레지스트를 제외한 6개 품목을 국산화하면 연간 수입금액 11억달러 정도를 국산으로 대체할 수 있을 것으로 추정된다”고 말했다.
업계의 한 관계자는 “국내 반도체·디스플레이 업체들이 일본산 소재의 대체품 투입에 연이어 성공할 경우 오히려 일본 소재 업체들만 피해를 보는 상황이 벌어질 수도 있다”고 말했다.
/이재용기자 jylee@sedaily.com
[서울경제 바로가기]
▶ 한눈에 보는 시그널 '기업 재무정보'
|
▶ 네이버TV로 서울경제썸 구독하기
▶ 네이버 메인에서 'No. 1 뉴스' 서울경제를 만나보세요
저작권자 ⓒ 서울경제, 무단 전재 및 재배포 금지",2019-09-03 22:43:05,서울경제,https://n.news.naver.com/mnews/article/011/0003613555?sid=101,반도체 수출
"""日 국민 67%, 한국 수출규제 찬성""…한 달 새 9％P 늘어","한일 갈등이 격화하면서 일본 국민들 사이에서 대한 강경론이 점차 확산하고 있으며, 이를 통해 아베 내각이 반사이익을 얻고 있음을 보여주는 여론조사 결과가 나왔습니다.
니혼게이자이신문과 민영방송 TV 도쿄가 지난달 30일∼이달 1일 실시한 전화 여론조사 결과에 따르면 반도체 재료 등의 한국 수출 규제를 강화한 조치를 지지한다는 응답은 67％로, 7월 26∼28일 조사 때 비슷한 질문에 대한 답변보다 9％ 포인트 증가했습니다.
이런 조치를 지지하지 않는다는 응답은 19％로 한 달 전 조사 20％보다 약간 감소했습니다.
앞선 조사 때는 수출 규제 강화에 관해 '말할 수 없다·모르겠다', '어느 쪽이라고도 할 수 없다'며 모호한 태도를 보인 응답자 비율이 22％였으나, 이번에는 이런 반응이 13％로 하락했습니다.
아베 신조 내각 지지층의 78％, 지지하지 않는 계층의 60％가 수출 규제 강화에 찬성하는 것으로 분석됐습니다.
찬성 의견을 연령별로 나누면 60세 이상이 71％였고 40∼50세가 70％, 39세 이하는 62％였습니다.
일본 정부가 어떤 자세로 한국과의 관계에 임해야 하느냐는 물음에는 '양보할 정도라면 관계 개선을 서두를 필요가 없다'는 답변이 67％로 '관계 개선을 위해 일본이 양보할 수밖에 없다'는 응답(21％)의 3배를 웃돌았습니다.
강경 여론이 더 선명해진 가운데 아베 내각의 지지율은 눈에 띄게 상승했습니다.
이번 조사에서 아베 내각 지지율은 58％를 기록해 앞선 조사 때보다 6％ 포인트 높았습니다.
특히 남성 응답자의 지지율이 57％에서 66％로 확연하게 늘었고 여성은 47％로 앞선 조사 때와 비슷한 수준이었습니다.
아베 내각을 지지하지 않는다는 응답은 33％로 한 달여 사이에 5％ 포인트 하락했습니다.
헌법 개정을 위해 국회가 구체적인 논의를 해야 한다는 의견은 77％로 논의할 필요가 없다는 답변 16％보다 압도적으로 많았습니다.
다음 달 예정된 소비세율 인상(8％→10％)에 대해서는 찬성 의견이 49％로 반대 44％보다 많았습니다.
이번 조사는 일본 전국의 18세 이상 남녀를 상대로 실시됐으며, 948명이 응답했고 응답률은 46.2％였습니다.
(사진=게티이미지코리아)
유영수 기자(youpeck@sbs.co.kr)
▶ [끝까지 판다] 관세청 비리 녹취 단독 입수
▶ [인-잇] 사람과 생각을 잇다
※ ⓒ SBS & SBS Digital News Lab. : 무단복제 및 재배포 금지",2019-09-02 09:43:29,SBS,https://n.news.naver.com/mnews/article/055/0000755858?sid=104,반도체 수출
"韓기업 절반 이상 “日 수출규제 장기화시 관광·반도체·화학順 타격…中企 노답""","[한국경제TV 김정필 기자]
-기업 67% “양국기업 신뢰 약화”…33% “변화 無”
-기업 55% “日 수출규제 장기화시 피해 불가피”
-대립 장기화시 관광·반도체·화학 업종順 피해 커
-속절없는 中企…26%만 “대책 마련 또는 준비중”
-정부지원 R&D·대중소 협력 구축·규제혁신 시급
국내기업들중 절반 이상이 일본의 수출 규제로 양국 기업간 파트너십 약화에 우려를 나타내고 있는 가운데 수출 규제가 장기화되면 관광과 반도체, 화학업종에 대한 타격이 크고 중소기업들은 마땅한 대응책을 마련하지 못해 고심중인 것으로 나타났다.
3일 대한상공회의소가 일본기업과 거래관계에 있는 국내기업 500개사를 대상으로 ‘일본 수출규제에 따른 산업계 영향과 대응과제’를 조사한 결과, 기업 66.6%가 “일본기업과의 거래관계에서 신뢰가 약화됐다“고 답했고 33.4% 기업이 ""영향 없음""이라고 응답한 것으로 조사됐다.
대한상의는 “일본기업은 우수한 품질과 적시생산시스템으로 신뢰가 높았다”며 “일본정부의 수출규제 이후 안정적 사업파트너라는 국내기업들의 인식에 변화가 나타나고 있다”고 언급했다.
‘한일간 경제협력 방향’을 묻는 질문에는 “일본 의존도를 낮추고 협력 축소할 것”이라는 응답 56%로 나타나며 “일시적 관계 악화돼도 협력 지속할 것”이라는 응답인 44%를 다소 앞섰다.
또한 상당수 기업은 이번 사태를 전화위복의 계기로 보고 있는 것으로 조사됐다.
일본 수출규제가 우리 산업에 미치는 영향에 대해 응답기업의 55%가 ""산업경쟁력 강화의 기회로 삼을 것""이라고 답했다.
‘산업경쟁력이 약화될 것’이란 응답은 30.6%였고 ‘영향이 없을 것’이라는 응답은 14.4%였다.
*“日 수출규제 장기화시 피해 예상”…관광·반도체·화학 업종 順
일본의 수출규제가 장기화될 경우 피해가 발생할 것을 우려하는 목소리도 여전했다.
수출규제가 장기화될 경우 응답기업의 55.0%가 피해를 입을 것으로 예상한 가운데 ‘피해가 매우 큼’은 10.6%, ‘피해가 약간 있음’은 44.4%, ‘피해가 없을 것’이라는 응답은 45.0%로 집계됐다.
업종별로는 관광(87.8%), 반도체(85.4%) 등의 산업에서 ‘피해가 있을 것’이란 응답이 높게 나온 반면, 조선(18.6%), 전지(38.7%) 등의 산업은 상대적으로 피해를 예상하는 응답이 낮았다.
부문별로는 직접적 피해보다 간접적 피해에 대한 우려가 상대적으로 컸다.
직접적 피해 부문인 대일수출이나 대일수입에서 ‘크게 영향받을 것’이라는 응답은 각각 15.8%, 28.8%로 조사됐다.
반면 간접적 부문인 관광산업, 기술교류에서는 같은 응답이 48.4%, 34.8%로 높게 나타났다.
* “대책 마련·준비중"" 응답 中企  26%뿐…73% 대기업과 대조
한편, 기업규모에 따라 수출규제 대응책 준비에 차이가 있었다.
대기업의 경우 4곳 중 3곳(73.0%)이 이미 대책을 마련했거나 준비중이라고 답했다.
이에 비해 중소기업은 4곳 중 1곳(26.0%)만이 대책을 마련했거나 중비중인 것으로 조사됐고 ‘대응계획이 없다’는 응답도 74%에 달했다.
구체적인 대응방안으로 ‘신규 거래처 확보’(46.7%), ‘기존 거래처와 협력 강화’(20.3%), ‘재고 확보’(8.6%), ‘일본외 지역 개발’(6.6%), ‘독자기술 개발’(6.1%) 등을 꼽았다
이번 사태를 계기로 지난 5일 정부가 '소재·부품·장비 경쟁력 강화 대책'을 발표한 가운데 기업들은 이를 위한 정부 지원과제로는 37.8%의 기업이 ‘R&D 세액공제 확대’를 꼽았고 32%의 기업이 '대·중소기업 협력체계 구축’을, 19.4%의 기업이 '규제 혁신', 10.8%의 기업들이 'M&A 등 해외기술 구입'에 대한 지원이 필요하다고 답했다.
규제 개선과제로는 '화학물질 등록 관리 등 환경규제', '근로시간 등 노동규제', '일감몰아주기 등 내부거래규제' 등을 꼽았다.
박재근 대한상의 산업조사본부장은 “일본정부의 수출규제 조치가 우리나라 소재와 부품, 장비산업의 경쟁력을 한 단계 끌어올리는 전화위복의 기회로 보는 시각도 있다”며 “이를 현실화하기 위해서는 R&D, 기업간 협업, 규제, 노동, 환경 등 산업 전반의 시스템을 획기적으로 개선해 나가야 한다”고 말했다.
김정필기자 jpkim@wowtv.co.kr
▶
네이버 홈에서 [한국경제TV] 채널 구독하기
[생방송보기]
▶
대한민국 재테크 총집결
!
- [증권 / 주식상담 / 부동산]
ⓒ 한국경제TV, 무단 전재 및 재배포 금지",2019-09-03 11:07:00,한국경제TV,https://n.news.naver.com/mnews/article/215/0000807115?sid=101,반도체 수출
"日, 규제 이후 '불화수소' 첫 수출 허가","일본이 지난달 초 수출 규제 조치 이후 처음으로 고순도 불화수소 수출을 허가했습니다.
산업통상자원부는 어제(29일) 일본이 불화수소 가스 수출 1건을 허가한 사실을 업계를 통해 확인했다고 밝혔습니다.
반도체 제조 공정에 사용되는 필수 소재인 불화수소는, 수출이 제한된 반도체와 디스플레이 소재 3대 품목 가운데 하나입니다.
일본은 3대 품목 중 '포토레지스트' 수출은 두 차례 허가한 바 있지만 불화수소를 허가한 것은 이번이 처음입니다.
연합뉴스TV 기사문의 및 제보 : 카톡/라인 jebo23
▶ 연합뉴스TV 네이버 채널 구독
▶ 생방송 시청
▶ 대한민국 뉴스의 시작, 연합뉴스TV 앱 다운받기",2019-08-30 07:21:49,연합뉴스TV,https://n.news.naver.com/mnews/article/422/0000390323?sid=101,반도체 수출
8월 수출 13.6%↓…9개월째 '뒷걸음',"3개월 연속 두 자릿수 감소
우리나라 수출이 9개월 연속 감소했다. 1일 산업통상자원부에 따르면 8월 수출은 지난해 같은 기간보다 13.6% 줄어든 442억달러로 집계됐다. 지난해 12월(-1.7%) 이후 9개월 연속 감소세다. 6월(-13.8%) 7월(-11.0%)에 이어 3개월 연속 두 자릿수 감소폭을 보였다.
8월 수입액은 424억8000만달러로 작년 같은 기간보다 4.2% 줄었다. 무역수지는 17억2000만달러 흑자를 기록했다. 91개월 연속 흑자를 냈지만 올해 1월(11억달러) 후 최저치로 추락했다.
품목별로 보면 반도체 수출이 지난해 같은 기간보다 30.7% 급락하며 전체 수출 실적을 끌어내렸다. 반도체를 제외하면 8월 수출액은 전년 동기 대비 8.7% 줄었다. 컴퓨터(-31.6%) 석유화학(-19.2%) 철강(-19.7%) 일반기계(-6.2%) 등 주요 수출 품목도 줄줄이 감소세를 보였다.
성윤모 산업부 장관은 “미·중 무역분쟁 심화, 일본 수출규제, 홍콩 사태 등 대외 여건의 불확실성이 가중돼 우리 수출의 회복이 지연되고 있다”며 “수출 모멘텀 회복에 최선을 다할 것”이라고 설명했다.
구은서 기자 koo@hankyung.com
▶
네이버에서 한국경제 뉴스를 받아보세요
▶
한경닷컴 바로가기
▶
모바일한경 구독신청
ⓒ 한국경제 &
hankyung.com
, 무단전재 및 재배포 금지",2019-09-01 17:47:06,한국경제,https://n.news.naver.com/mnews/article/015/0004201951?sid=101,반도체 수출
"삼성전자, ‘국산’ 고순도 불화수소 반도체 공정 투입","일본 수출 규제 강화 2달여만
삼성전자가 국산의 고순도 불화수소(에칭가스)를 반도체 공정의 일부 라인에 투입하는 데 성공했다. 일본산 소재의 의존도를 낮추기 위해 정부와 업계의 노력이 이어지고 있는 가운데 일부 성과가 나타난 것이다.
3일 삼성전자 쪽은 “일부 반도체 라인의 일부 제품에 국산 불화수소가 적용됐다”고 밝혔다. 삼성전자 관계자는 “다변화를 위한 노력을 지속중인 가운데 시간은 더 필요한 상황”이라며 “기존 거래선들과의 협력도 계속하겠다”고 강조했다.
이는 지난 7월4일 일본이 고순도 불화수소와 포토레지스트 등 반도체 공정에 쓰이는 주요 소재에 대해 수출 규제를 강화한 지 2달여 만의 일이다. 업계에서는 테스트 과정 등을 감안하면 국산 소재의 투입까지는 3~6개월가량의 시간이 소요될 것이라고 예상해왔다. 앞서 엘지(LG)디스플레이도 국산 고순도 불화수소를 공정에 투입하는 데 성공한 바 있다.
송경화 기자 freehwa@hani.co.kr
◎ Weconomy 홈페이지 바로가기:
http://www.hani.co.kr/arti/economy
◎ Weconomy 페이스북 바로가기:
https://www.facebook.com/econohani
[▶동영상 뉴스 ‘영상+’]
[▶한겨레 정기구독]
[▶[생방송] 한겨레 라이브]
[ⓒ한겨레신문 : 무단전재 및 재배포 금지]",2019-09-03 19:40:11,한겨레,https://n.news.naver.com/mnews/article/028/0002466919?sid=101,반도체 수출
[1보] 8월 수출 13.6% 감소한 442억달러…日규제 영향은 '제한적',"(서울=연합뉴스) 김성진 기자 = 일본의 수출규제와 미중 무역분쟁 심화 등 대외여건 악화 속에 한국 수출이 9개월 연속 감소했다.
산업통상자원부는 8월 수출이 지난해 같은 달보다 13.6% 줄어든 442억달러로 집계됐다고 1일 밝혔다.
지난해 12월 수출이 -1.7%로 마이너스로 돌아선 이후 9개월 연속 감소세다.
수입은 424억8천만달러로 지난해 같은 달보다 4.2% 감소했다.
다만 7월부터 시작된 일본의 수출 규제로 인한 대(對)일본 수출입 영향은 여전히 제한적인 것으로 나타났다. 반도체 소재 등 3대 품목 수출을 규제하던 일본은 8월 들어 포토레지스트, 불화수소 등 두 개 품목의 수출을 모두 세 차례 허가했다.
무역수지는 17억2천만달러의 흑자를 기록하며 91개월 연속 흑자기조를 유지했다.
sungjin@yna.co.kr
▶확 달라진 연합뉴스 웹을 만나보세요
▶네이버 [연합뉴스] 채널 구독
▶뭐 하고 놀까? #흥",2019-09-01 09:00:01,연합뉴스,https://n.news.naver.com/mnews/article/001/0011052557?sid=101,반도체 수출
"日, 고순도 불화수소 수출 허가...수입 기업은 삼성전자","[한국경제TV 송민화 기자]
일본이 지난달 초 수출 규제 조치 이후 처음으로 고순도 불화수소 즉, 에칭가스 수출을 허가한 것으로 오늘(29일) 확인됐다.
그동안 수출이 제한된 반도체·디스플레이 소재 3대 품목 가운데 감광액인 포토레지스트 수출은 일본이 두차례 허가했지만, 불화수소는 처음이다.
산업통상자원부 당국자는 ""오늘 일본이 불화수소 가스 수출 한 건을 허가한 사실을 업계에서 확인했다""고 밝혔다.
수출 허가 신청은 일본이 수출 규제에 들어간 지난달 4일 전후로 알려졌으며, 정확한 수출물량과 순도는 아직 확인되지 않았다.
이번 불화수소를 수입하는 기업은 삼성전자인 것으로 알려졌다.
불화수소는 반도체 제조 공정에서 회로를 새길 때 사용하는 필수 소재이다.
삼성전자와 SK하이닉스 등 국내 반도체 기업에서 포토레지스트와 함께 확보에 주력했던 소재이기도 하다. 다만 일본 정부는 수출허가에 대한 사실관계 확인을 거부했다.
일본 경제산업성 관계자는 한국에 대한 불화수소 수출을 허가했느냐는 질의에 ""우리는 그런 사실을 발표하지 않았다. 개별 회사에 관련된 정보를 우리가 공표하는 것은 기본적으로 없다""고 답했다.
이어 일본 정부가 한국에 대한 불화수소 수출을 허가했다는 정보가 사실인지 여부를 확인해줄 수 없다고 덧붙였다.
정부 당국자는 ""이번에 또 불화수소를 한 건 허가해줬다고 해서 일희일비할 사안은 아니다""라면서 ""한국 정부 입장은 수출 규제를 무조건 철회하라는 것""이라고 선을 그었다.
앞서 일본은 지난달 수출 규제 조치 이후 7일 포토레지스트 수출을 허가했고, 19일에 추가로 포토레지스트 수출을 승인했다.
이로써 최장 90일의 개별허가 심사 대상인 3대 품목 가운데 플루오린 폴리이미드만 아직 수출 허가가 나지 않았다.
송민화기자 mhsong@wowtv.co.kr
▶
네이버 홈에서 [한국경제TV] 채널 구독하기
[생방송보기]
▶
대한민국 재테크 총집결
!
- [증권 / 주식상담 / 부동산]
ⓒ 한국경제TV, 무단 전재 및 재배포 금지",2019-08-29 23:25:39,한국경제TV,https://n.news.naver.com/mnews/article/215/0000806175?sid=101,반도체 수출
[2보] 8월 수출 9개월 연속 감소…반도체 수출 30.7% 급감,"일본의 수출규제와 미중 무역분쟁 심화 등 대외여건 악화 속에 한국 수출이 9개월 연속 감소했다.
산업통상자원부는 8월 수출이 지난해 같은 달보다 13.6% 줄어든 442억달러로 집계됐다고 1일 밝혔다.
지난해 12월 수출이 -1.7%로 마이너스로 돌아선 이후 9개월 연속 감소세다. 월별로는 6월 -13.8%, 7월 -11%에 이어 3개월 연속 두 자릿수 감소했다.
단가 하락의 영향으로 반도체(-30.7%), 석유화학(-19.2%), 석유제품(-14.1%) 등 주력 품목의 수출이 부진했다.
하지만 자동차(4.6%)·선박(168.6%) 등 주력품목과 이차전지(3.6%)·농수산식품(5.7%)·화장품(1.1%) 등 신수출동력품목은 선방했다.
반도체, 석유화학 등을 중심으로 수출 물량이 0.1% 증가하면서 2개월 연속 상승한 것도 긍정적인 신호다. 1∼8월 누적 수출물량도 0.7% 늘었다.
지역별로 보면 중국(-21.3), 미국(-6.7%), 일본(-6.2%)은 감소했지만, 아세안(ASEAN·1.9%), 독립국가연합(CIS·8.8%) 등 신남방·신북방 시장 수출은 늘었다.
대일본 수출이 6.2% 줄어들긴 했지만 7월부터 시작된 일본의 수출 규제로 인한 대일본 수출입 영향은 여전히 제한적인 것으로 나타났다.
7월 기준으로 반도체 소재 등 3개 수출규제 품목의 수입액은 8000만달러로 전체 대일본 수입액 41억6000만달러에서 차지하는 비중이 1.8%에 그치고 있기 때문이라고 산업부는 설명했다.
일본은 또 8월 들어 포토레지스트, 불화수소 등 두 개 품목의 수출을 모두 세 차례 허가한 상태다.
산업부 관계자는 ""일본의 3개 품목 수출규제가 실제 생산 차질로 연결된 사례가 없어 한국의 대외수출에 미치는 영향도 제한적인 것으로 평가된다""고 말했다.
한편 수입은 424억8000만달러로 지난해 같은 달보다 4.2% 감소했다. 무역수지는 17억2000만달러의 흑자를 기록하며 91개월 연속 흑자기조를 유지했다.
[디지털뉴스국]
▶네이버 메인에서 '매일경제'를 받아보세요
▶뉴스레터 '매콤달콤' 구독
▶무궁무진한 프리미엄 읽을거리
[ⓒ 매일경제 & mk.co.kr, 무단전재 및 재배포 금지]",2019-09-01 10:07:04,매일경제,https://n.news.naver.com/mnews/article/009/0004419900?sid=101,반도체 수출
日참의원 “수출규제는 日기업 탓…한국 책임없어”,"일본의 한 참의원이 일본의 수출규제 조치 책임이 일부 일본기업의 무역관리 부실에 있다는 주장을 내놨다.
코니시 히로유키 참의원은 지난 4일 자신의 SNS에 삼성전자의 불화수소 국산화 성공 소식을 담은 일본 매체 보도를 공유하며 이같이 주장했다.
해당 보도에는 일본의 수출규제에 대응해 한국정부와 기업들이 90%가량 일본 수입에 의존했단 고순도 불화수소 국산화 및 수입처 다변화를 추진하고 있다는 내용이 담겼다. 그러면서 해당 품목의 일본 이탈이 현실화할 경우 일본 경제와 기업에 악영향이 우려된다고 분석했다.
이에 코니시 참의원은 일본 산업 피해 최소화를 위해 백색국가 제외 조치 등 한국에 대한 수출규제를 철회해야 한다고 주장했다.
특히 그는 “사실 경제산업성은 참의원에게 ‘삼성에 수출하는 일부 일본기업들에 무역관리 위반이 있어서 (이번 수출규제가) 시작됐다. 한국 측에는 책임이 없다’라고 설명했다‘라고 설명했다”고 강조했다.
일본의 수출규제 조치가 당초 일본 정부의 설명대로 ‘한국의 전략물자 관리 소홀’이 아닌 일본 기업의 무역관리 실패에서 비롯됐다는 것으로, 사실이라면 적지 않은 파장이 예상된다.
앞서 일본 정부는 지난달 28일 한국을 백색국가에 제외했다. 이는 사실상 한국 대법원의 강제징용 배상판결에 대한 경제보복조치의 일환으로, 지난 7월 반도체 핵심 소재 3개 품목의 한국에 대한 수출규제를 강화 조치에 이은 2차 보복조치라는 분석이 우세하다.
박광수 기자 park.kwangsoo@joongang.co.kr",2019-09-05 12:25:07,중앙일보,https://n.news.naver.com/mnews/article/025/0002935145?sid=101,반도체 수출
삼성 ‘탈일본’ 돌입…반도체 공정에 국산 불화수소 대체 투입,"삼성전자가 D램ㆍ낸드플래시 등 메모리 공정에 일본산 불화수소(HF) 대체품을 투입하기 시작했다. 일본 정부가 지난 7월 4일 불화수소, 포토레지스트, 불화 폴리이미드 등 첨단 소재 3종에 대한 한국 수출규제에 나선 지 두달 남짓 만에 대체제 투입에 나선 것이다. 삼성전자나 SK하이닉스의 일본산 불화수소 대체작업이 예상보다 빠르게 진행되면서 연말을 전후해 완전히 대체작업을 완료할 수 있을 것이란 전망에 힘이 실리고 있다.
3일 반도체 업계에 따르면 삼성전자는 국내 업체 솔브레인과 이엔에프테크놀로지가 제조한 불화수소를 납품받아 지난달 중순부터 일부 공정에 투입하고 있다. 두 회사는 중국산 무수불산을 수입해 일본 업체에 못지 않은 ‘파이브 나인’(99.999%) 순도의 불화수소(HF) 액상 제품을 만드는 데 성공했다.
━
지난달 중순부터 민감도 낮은 공정에 대체품 투입
다만, 국산 불화수소를 반도체 생산의 모든 공정 라인에 투입하는 단계는 아니다. 현재는 일부 공정에만 투입하고 있고, 앞으로 투입하는 공정을 늘려간다는 계획이다. 삼성전자 관계자는 “국내 업체가 생산한 불화수소 시제품을 민감도가 낮은 공정부터 순차적으로 투입하고 있으며 민감도가 높은 공정으로 넓혀갈 방침""이라고 설명했다. 반도체의 공정은 500개 가량으로 구성돼 있고, 이중 불화수소가 필요한 공정은 50개 안팎이다. 삼성전자는 이중 1~2개 공정부터 일본산을 대체해 국산 제품을 쓰고 있다는 얘기다.
SK하이닉스 역시 국내 업체가 생산한 불화수소를 조만간 시운전 작업에 투입할 계획이다. 올 들어 두 차례 감산에 들어간 SK하이닉스는 일본 발 소재 부족 사태에서 상대적으로 여유가 있는 편이다. SK하이닉스의 중국 우시 반도체 생산 라인에선 중국산 불화수소로 일본 제품 대체작업을 완전히 마무리한 것으로 알려졌다.
━
삼성·하이닉스 엔지니어도 대체품 공동개발 중
현재 삼성전자·SK하이닉스 내부의 소재개발 담당 엔지니어들은 국산 불화수소 시제품에 대한 성분 분석을 진행중이다. 국내 업체가 만든 불화수소를 반도체 라인에 맞춰 소재 성분 등을 조정하는 작업이다. 소재업체와 삼성전자·SK하이닉스가 일종의 ‘공동 개발’을 하는 과정으로, 기존에 썼던 일본 스텔라·모리타 제품과 비교했을 때 성분 구조에서 크게 차이가 없어야 반도체 공정에 전면 투입했을 때에도 제품 결함이 발생하지 않기 때문이다.
이에 더해 국내 업체 솔브레인이 이달 말 예정대로 충남 공주 공장 증설 작업을 완료할 경우, 국산 불화수소의 양산 규모도 더욱 커질 전망이다. 솔브레인과 이엔에프테크놀로지는 각각 일본 스텔라ㆍ모리타에서 수입한 불화수소를 정제한 뒤, 식각액(에천트) 형태로 삼성전자에 반도체 공정용 소재로 납품해왔다. 이들 국내 업체는 일본 수출 규제가 시작된 이후 불화수소 수입처를 대만과 중국으로 바꿨다.
김영민 기자 bradkim@joongang.co.kr",2019-09-03 19:23:07,중앙일보,https://n.news.naver.com/mnews/article/025/0002934639?sid=101,반도체 수출
"수출 9개월째 감소…""日규제 영향 아직 제한적""","[앵커]
우리나라 수출이 9개월째 감소했습니다.
일본 수출규제 영향은 아직 제한적인 것으로 나타났지만, 미·중 무역 분쟁이 심화하는 등 대외 여건이 좋지 않기 때문인데요.
김지수 기자의 보도입니다.
[기자]
지난달 수출은 442억 달러로 지난해 같은 달보다 13.6％ 감소했습니다.
수출 감소는 지난해 12월부터 9개월째 이어졌고, 감소 폭은 석 달 연속 10%를 넘었습니다.
미·중 무역분쟁으로 대외 무역 불확실성이 커진 가운데, 수출 효자 품목인 반도체 경기에 낀 먹구름이 걷히지 않았기 때문입니다.
반도체 수출은 지난해 같은 달보다 30% 넘게 줄어 감소폭이 가장 컸습니다.
석유화학과 석유제품 수출도 각각 19%, 14% 감소했습니다.
다행스러운 건 지난 7월 일본의 수출 규제가 시작된 이후 일본의 대한국 수출 감소세에 비해, 우리 수출입은 크게 달라지지 않았다는 점입니다.
일본의 수출 규제로, 우리 기업 중 생산 차질이 생긴 사례는 아직 없었고, 대일본 수출도 수출 규제 전과 큰 차이가 없었습니다.
전문가들은 그러나 미국과 중국 간 무역분쟁이 심화하고 있고, 일본 수출 규제 강화 가능성 등 불확실성이 커져, 조기에 수출 회복을 기대하기는 쉽지 않다고 전망했습니다.
<문병기 / 한국무역협회 수석연구원> ""미중무역 분쟁이나, 일본 수출규제 같은 보호무역 변수들이 심화되다보니…불확실성이 크게 작용 기업 투자가 부진해서 수출 경기에도 부정적인 영향을 미치고 있습니다.""
정부는 오는 6일 민관합동 수출전략 조정회의를 열어 수출 지원체계를 재정비하고, 약 1,100억원의 추가경정예산을 활용해 수출을 밀착 지원할 방침입니다.
연합뉴스TV 김지수입니다. (goodman@yna.co.kr)
연합뉴스TV 기사문의 및 제보 : 카톡/라인 jebo23
▶ 연합뉴스TV 네이버 채널 구독
▶ 생방송 시청
▶ 대한민국 뉴스의 시작, 연합뉴스TV 앱 다운받기",2019-09-02 07:22:38,연합뉴스TV,https://n.news.naver.com/mnews/article/422/0000390684?sid=101,반도체 수출
"일본, 규제 후 두 달 만에 '불화수소' 첫 수출 허가","<앵커>
일본의 수출규제 이후 지난 두 달 동안 단 한 건도 수입되지 않고 있던 반도체 공정용 불화수소에 대해 일본 정부가 어제(29일) 처음 수출을 허가했습니다. 해당 물량은 삼성에 납품될 것으로 알려졌습니다.
박진호 기자입니다.
<기자>
일본 정부는 수출규제가 시작된 이후 한 건도 수출 허가를 내지 않고 있던 반도체 공정용 불화수소에 대해 어제 처음으로 수출을 승인한 것으로 확인됐습니다.
지난달 4일 수출규제가 시작된 이후 거의 두 달 만에 첫 승인입니다.
그동안 일본은 개별 수출허가 품목으로 지정한 반도체 디스플레이의 3개 필수소재 가운데, '극자외선 공정용 포토레지스트'에 대해서만 2건의 수출 승인을 했을 뿐, 불화수소와 폴리이미드 소재에 대해서는 승인을 내지 않고 있었습니다.
이번에 수입되는 불화수소는 일본 스텔라캐피카에서 생산한 것으로 삼성전자에 납품될 것으로 알려졌습니다.
해당 불화수소의 분량과 순도는 확인되지 않았습니다.
일본의 이번 불화수소 수출 허가는 심사과정에서 문제가 없으면 절차를 거쳐 수출되는 데 문제가 없을 것이라는 명분을 확보하기 위한 것으로 보입니다.
하지만 최근 삼성과 SK가 일본이 아닌 중국 등 다른 나라에서 불화수소 수입을 추진 중인 상황이 영향을 줬다는 분석도 나옵니다.
일본에서 지난 7월 한 달 동안 한국에 수출한 고순도 불화수소 물량은 한 달 전보다 80% 넘게 줄어든 상황입니다.
박진호 기자(jhpark@sbs.co.kr)
▶ [끝까지 판다] 관세청 비리 녹취 단독 입수
▶ [인-잇] 사람과 생각을 잇다
※ ⓒ SBS & SBS Digital News Lab. : 무단복제 및 재배포 금지",2019-08-30 07:36:52,SBS,https://n.news.naver.com/mnews/article/055/0000755337?sid=101,반도체 수출
"8월 수출 -13.6%, 9개월 연속 감소…커지는 '불황형 흑자' 우려","수출이 9개월 연속 전년 대비 ‘마이너스’ 행진을 이어갔다. 1일 산업통상자원부가 발표한 ‘8월 수출입동향’에 따르면 지난달 수출액은 442억달러로 지난해 같은 달보다 13.6% 줄었다. 지난해 12월 감소세로 돌아선 이후 9개월째 감소세를 이어가고 있다. 이는 2014년 10월부터 2016년 7월까지 이후 처음이다. 특히 6월(-13.8%)ㆍ7월(-11.0%)에 이어 3개월 연속 두 자릿수 감소율을 보이고 있다.
산업부는 이에 대해 미ㆍ중 무역분쟁 심화로 세계 경기와 교역이 위축되고, 이에 따라 제조업 경기 부진의 악순환이 이어지고 있기 때문이라고 분석했다. 여기에 지난해 8월 반도체ㆍ석유화학 수출이 각각 역대 3위ㆍ2위를 기록하는 등 호조를 보였던 데 따른 기저효과와 조업일이 0.5일 감소한 점도 수출 감소세에 영향을 줬다고 봤다.
품목별로는 20대 주요 수출 품목 중 6개를 제외하고는 모두 감소세였다. 특히 한국의 수출 ‘효자’ 품목으로 꼽히는 반도체는 단가가 하락하며 전체 수출을 끌어내리고 있다. 반도체의 수출 물량은 4.5% 늘었지만, 단가하락이 더 큰 영향을 더 미치면서 전체 수출은 30.7%나 감소했다. 석유화학(-19.2%)ㆍ석유제품(-14.1%) 등 주력 품목도 글로벌 기업들이 경기 둔화 우려로 재고를 조정하면서 수출이 줄었다. 반면 선박(167.7%)ㆍ자동차(4.6%)ㆍ2차전지(3.6%)ㆍ농수산식품(5.7%) 등은 선방했다.
국가별로는 주력 시장인 중국(-21.3%)ㆍ미국(-6.7%)을 포함해 유럽연합(EUㆍ-11.5%), 중남미(-18.3%) 등 주요 수출국으로의 수출이 감소했다. 일본으로의 수출액도 22억6000만달러로 전년 대비 6.2% 줄었다. 다른 국가와 비교해보면 7월부터 시작된 일본의 수출 규제로 인한 대(對)일본 수출입 영향은 여전히 제한적인 것으로 분석된다. 전달인 7월 기준으로는 우리의 대일본 수출 감소(-0.3%)보다 일본의 대 한국 수출 감소폭(-6.9%)이 더 크게 나타났다. 반면 우리나라의 아세안(1.9%), 독립국가연합(CISㆍ8.8%) 등 신남방ㆍ신북방 지역에 대한 수출은 늘었다.
우리나라의 수입은 424억8000만달러로 지난해 같은 달보다 4.2% 감소했다. 이에 따라 무역수지는 17억2000만달러의 흑자를 기록하며 91개월 연속 흑자기조를 유지했다. 그러나 지난해 8월(68억2000만달러)과 비교하면 4분의 1 수준으로 쪼그라들었다. 지난 1월(11억4000만달러) 이후 7개월 만에 또다시 10억달러대로 줄어든 것이다.
이는 수출 감소가 수입 감소를 불러오는 한국의 산업구조 상 나타나는 '불황형 흑자' 성격이 짙다. 불황형 흑자가 이어지면 고용과 투자·소비가 동반 감소해 경제 규모 자체가 쪼그라들 수밖에 없기 때문에 한국 경제에 부담이다. 성윤모 산업부장관은 “오는 6일 민관합동 무역전략조정회의를 통해 하반기 수출 총력 지원체계를 재정비하고 무역금융 공급 및 수출 마케팅을 집중적으로 지원해 수출 모멘텀 회복에 최선을 다할 계획”이라고 말했다.
세종=손해용 기자 sohn.yong@joongang.co.kr",2019-09-01 10:24:07,중앙일보,https://n.news.naver.com/mnews/article/025/0002933934?sid=101,반도체 수출
"日경제산업성, 韓수출규제 후 '불화수소' 첫 수출 허가","일본 정부가 대(對)한국 수출 규제 조치를 단행한 이후 처음으로 고순도 불화수소(에칭가스) 수출을 허가했다. 불화수소는 반도체 제조 공정에서 회로를 새기거나, 불순물을 제거하기 위해 사용하는 핵심 소재다.
29일 업계에 따르면 일본 경제산업성은 이날 불화수소 수출 1건을 허가했다. 일본에서 수입한 불화수소는 국내 한 업체에서 가공을 거쳐 삼성전자에 공급될 예정이다.
일본 정부는 지난달 반도체와 디스플레이 공정에 사용되는 3대 핵심소재인 △고순도 불화수소 △플루오린 폴리이미드 △극자외선(EUV) 파운드리용 포토레지스트(감광재) 등에 대한 수출규제를 강화했다.
이중 포토레지스트만 지난 7일과 19일 두 차례 수출을 허가해 한국에 수입됐다. 반도체 생산라인의 극자외선 공정에 사용되는 포토레지스트는 반도체 기판 제작에 쓰이는 감광액 재료다.
한편, 일본에서 지난달 한국에 수출한 고순도 불화수소 물량은 6월보다 80% 넘게 줄어들었다. 일본 재무성은 지난달 불화수소 한국 수출량이 479톤(t)으로 6월보다 83.7% 급감했다고 밝혔다.
[김민정 기자 mjkim@chosunbiz.com]
- Copyrights ⓒ 조선일보 & chosun.com, 무단 전재 및 재배포 금지 -
[
네이버 메인에서 조선일보 받아보기
]
[
조선닷컴 바로가기
]
[
전일정무료! 중국 선전IT탐방 신청
]",2019-08-29 22:28:07,조선일보,https://n.news.naver.com/mnews/article/023/0003470486?sid=104,반도체 수출
'日 수출규제 대응' 핵심품목 R&D에 3년간 5조원 이상 투입,"정부 '소재·부품·장비 R&D 투자전략·혁신대책' 발표
핵심품목 100+α개 지정…관리특별위 신설·관련 사업 예타 우대
(서울=연합뉴스) 신선미 기자 = 일본의 수출 규제와 백색국가(화이트리스트·수출 심사 우대국) 제외 조치에 대응해, 정부가 소재·부품·장비 분야 연구개발(R&D)에 대한 지원을 강화한다. 반도체·디스플레이 등 산업 소재 100개 이상을 '핵심품목'으로 지정하고, 이들 품목 R&D에 내년부터 2022년까지 5조원 이상을 투자한다. 핵심품목 관리를 총괄하는 민관 합동 조직을 신설하고, 필요한 연구를 긴급히 수행할 수 있는 연구실도 지정한다.
과학기술정보통신부는 28일 이낙연 국무총리 주재로 열린 일본 수출규제 대응 확대 관계장관회의 겸 제7회 과학기술관계장관회의에서 이런 내용의 '소재·부품·장비 연구개발 투자 전략 및 혁신대책'을 확정했다고 밝혔다.
이날부터 일본에서는 우리나라를 백색국가에서 제외하는 조치가 시행된다.
과기정통부는 ""소재·부품·장비 R&D에 대한 전략적인 투자와 프로세스 혁신을 통해 이 분야의 대외의존도를 극복하고 국가 성장의 기반을 확충해 나갈 계획""이라며 ""일본의 수출제한 조치를 전화위복의 계기로 삼겠다""고 의지를 밝혔다.
이번 대책의 주요 내용은 핵심품목 100개 이상(100+α)에 대한 R&D 투자를 확대하는 것이다. 올해 1조원의 예산을 투입하는 것을 시작으로 2020∼2022년 총 5조원 이상의 예산을 투자한다. 핵심품목 관련 사업 예산은 지출 구조조정 대상에서 제외하고 일몰관리도 면제하기로 했다.
대응이 시급한 핵심품목 관련 사업의 경우 예비타당성조사에서 경제성 평가를 비용효과 분석으로 대체할 수 있게 하고, 대기업과 중견기업의 연구비 매칭 비중을 중소기업 수준으로 낮춰 R&D 참여를 촉진하도록 제도가 개선된다.
핵심품목에 대한 내용이 일본으로 유출되는 것을 방지하기 위해 정부는 구체적인 목록은 밝히지 않았다. 다만 지난 5일 공개된 '소재·부품·장비 경쟁력 강화 대책'에서 반도체, 디스플레이, 자동차, 전기·전자, 기계·금속, 기초화학 등 6대 분야에서 관련 기술을 선정했다고 발표한 바 있다.
정부는 핵심품목에 대한 '맞춤형 지원 전략'도 발표했다. 이미 수준이 높은 기술의 경우 수입 다변화 가능성이 높다면 글로벌화를 목표로 R&D를 진행하고, 수입 다변화 가능성이 낮으면 공급기업과 수요기업이 협업할 수 있게 상용화를 지원할 방침이다. 아직 수준이 낮은 기술의 경우 수입 다변화 가능성이 높다면 중·장기적으로 원천기술 확보를 추진하고, 수입 다변화 가능성이 낮은 기술에 대해서는 국내 공급망을 창출하는 방안을 타진하기로 했다.
핵심품목 관리를 총괄하는 민관 공동 조직도 신설된다. 정부는 대통령 직속기구인 국가과학기술자문회의 소속으로 '소재·부품·장비 기술 특별위원회'를 설치하기로 했다. 특별위는 핵심품목을 목록화하고 소재·부품·장비 연구개발 정책 수립을 지원하는 역할을 맡는다. 또 예비타당성조사를 우대할 핵심품목 사업에 대한 사전 검토와 심의도 하게 된다.
산·학·연 연구역량을 결집하는 방안도 대책에 포함됐다. 핵심품목 기술 개발을 안정적으로 추진하고 필요 시 긴급 연구를 수행하는 '국가연구실'(가칭 N-LAB)을 지정하기로 했다. 핵심소재·부품의 상용화를 위한 테스트베드 연구시설(가칭 N-Facility)을 정하고, 카이스트 부설 나노종합기술원에는 12인치 웨이퍼 공정시설을 구축하기로 했다. R&D 현장의 문제와 국외 동향을 파악하는 국가 연구협의체(N-TEAM)도 핵심품목별로 운영된다.
이밖에 연구지원시스템을 2021년 상반기에 구축하고 핵심품목에 대한 정보분석 서비스를 시범 제공할 예정이다.
김성수 과기정통부 과학기술혁신본부장은 ""최근 상황을 통해 소재·부품·장비 기술 자립화의 중요성을 확인하게 됐다""며 ""연구개발을 통한 핵심기술 확보를 착실히 진행하겠다""고 밝혔다.
sun@yna.co.kr
▶확 달라진 연합뉴스 웹을 만나보세요
▶네이버 [연합뉴스] 채널 구독
▶뭐 하고 놀까? #흥",2019-08-28 11:30:00,연합뉴스,https://n.news.naver.com/mnews/article/001/0011044739?sid=105,반도체 수출
"일본, 대한국 수출 6.9% 감소…한국 대일본 수출 감소폭 '23배'","일본의 수출규제 이후 한국 기업보다 일본 기업들이 더 큰 타격을 받고 있는 것으로 확인됐습니다.
산업통상자원부가 오늘(1일) 발표한 8월 수출은 지난해 같은 기간과 비교해 13.6% 하락한 442억 달러를 기록해 지난해 12월 이후 9개월째 마이너스가 지속되고 있습니다.
이 가운데 7월 1일 일본의 반도체 소재 등 3대 품목에 대한 대한국 수출 규제 발표 이후 일본과의 갈등관계가 우리 수출에 미치는 영향은 현재까지 크지 않은 것으로 나타났습니다.
지난 7월 기준으로 3개 수출 규제 품목(8천만달러)이 전체 대일본 수입액(41억6천만달러)에서 차지하는 비중이 1.8%에 불과했기 때문입니다.
반면 7월 기준 우리의 대일본 수출 감소(-0.3%)보다 일본의 대한국 수출 감소폭(-6.9%)이 더 크게 나타나 한국보다 일본이 더 큰 영향을 받은 것으로 나타났습니다.
일본 재무성 통계에 따르면 일본의 대한 수출은 올해 1월(-11.6%)부터 지속적으로 감소해왔으며 지난 6월은 -14.8%였습니다.
산업부 관계자는 ""7월 일본의 대한 수출 감소폭이 우리보다 더 큰 것은 1차적으로 일본의 수출규제 때문일 수도 있고 심리적 요인까지 겹쳤을 수 있다""면서 ""다만 전체적인 영향은 아직 제한적으로 볼 수 있다""고 말했습니다.
이한나 기자(lhn@sbs.co.kr)
☞ 의견 있는 경제채널 SBSCNBC
[홈페이지]
☞ 경제를 실험한다~ #머니랩
[네이버 TV]
저작권자 SBS미디어넷 & SBS I&M 무단전재-재배포 금지",2019-09-01 14:07:31,SBS Biz,https://n.news.naver.com/mnews/article/374/0000192567?sid=101,반도체 수출
수출 9개월 연속 마이너스…무역흑자 4분의 1 토막,"8월 442억 달러 전년비 -13.6%
반도체 30.7% 감소, 물량은 늘어
17억 달러 흑자 7개월만에 최저
대일본 수출 -0.3%, 수입은 -6.9%
수출이 지난해 12월 이후 9개월 연속 전년 대비 ‘마이너스’ 행진을 이어갔다. 1일 산업통상자원부가 발표한 ‘8월 수출입동향’에 따르면 지난달 수출액은 442억달러로 지난해 같은 달보다 13.6% 줄었다. 6월(-13.8%)·7월(-11.0%)에 이어 3개월 연속 두 자릿수 감소율을 보이고 있다.
산업부는 이에 대해 미·중 무역분쟁 심화로 세계 경기와 교역이 위축되고, 이에 따라 제조업 경기 부진의 악순환이 이어지고 있기 때문이라고 분석했다. 여기에 지난해 8월 반도체·석유화학 수출이 호조를 보였던 데 따른 기저효과와 조업일이 0.5일 감소한 점도 영향을 줬다고 봤다.
품목별로는 20대 주요 수출 품목 중 6개를 제외하고는 모두 감소세였다. 특히 주력 품목인 반도체는 단가가 하락하며 전체 수출을 끌어내리고 있다. 반도체의 수출 물량은 4.5% 늘었지만, 단가하락이 더 큰 영향을 더 미치면서 전체 수출은 30.7%나 감소했다. 석유화학(-19.2%)·석유제품(-14.1%) 등도 글로벌 기업들이 경기 둔화 우려로 재고를 조정하면서 수출이 줄었다.
국가별로는 주력 시장인 중국(-21.3%)·미국(-6.7%)을 포함해 유럽연합(EU·-11.5%), 중남미(-18.3%) 등으로의 수출이 감소했다.
일본으로의 수출액도 22억6000만달러로 전년 대비 6.2% 줄었다. 다만 7월부터 시작된 일본의 수출 규제로 인한 대(對)일본 수출입 영향은 여전히 제한적인 것으로 분석된다. 7월 기준으로는 우리의 대일본 수출 감소(-0.3%)보다 일본의 대 한국 수출 감소 폭(-6.9%)이 더 크게 나타났다.
우리나라의 수입은 424억8000만달러로 지난해보다 4.2% 감소했다. 이에 따라 무역수지는 17억2000만달러의 흑자를 기록하며 91개월 연속 흑자기조를 유지했다.
그러나 지난해 8월(68억2000만달러)과 비교하면 4분의 1 수준으로 쪼그라들었다. 지난 1월(11억4000만달러) 이후 7개월 만에 또다시 10억달러대로 줄어든 것이다.
이는 수출 감소가 수입 감소를 불러오는 한국의 산업구조 상 나타나는 ‘불황형 흑자’ 성격이 짙다. 불황형 흑자가 이어지면 고용과 투자·소비가 동반 감소해 경제 규모 자체가 쪼그라들 수밖에 없기 때문에 한국 경제에 부담이다. 성윤모 산업부장관은 “하반기 수출 총력 지원체계를 재정비하고 무역금융 공급 및 수출 마케팅을 집중적으로 지원해 수출 모멘텀 회복에 최선을 다할 계획”이라고 말했다.
세종=손해용 기자 sohn.yong@joongang.co.kr",2019-09-02 00:04:10,중앙일보,https://n.news.naver.com/mnews/article/025/0002934054?sid=101,반도체 수출
"日, 불화수소 韓 수출 1건 허가…규제 이후 처음","일본이 수출 규제 대상인 반도체 핵심소재 3개 품목 가운데 하나인 고순도 불화수소의 한국 수출을 규제 이후 처음으로 허가했습니다.
산업통상자원부에 따르면 일본 경제산업성은 지난달 4일 전후 불화수소 수출 한 건을 허가했으며 수출물량 등 구체적인 사항은 확인되지 않았습니다.
불화수소는 반도체 제조 공정에서 회로를 새길 때 사용하는 필수 소재로, 이번에 불화수소를 수입하는 곳은 삼성전자로 알려졌습니다.
윤선영 기자(anable@sbs.co.kr)
☞ 의견 있는 경제채널 SBSCNBC
[홈페이지]
☞ 경제를 실험한다~ #머니랩
[네이버 TV]
저작권자 SBS미디어넷 & SBS I&M 무단전재-재배포 금지",2019-08-30 08:37:31,SBS Biz,https://n.news.naver.com/mnews/article/374/0000192447?sid=101,반도체 수출
"日규제, 한국보다 일본 타격 더 컸다…수출 감소폭 23배 높아","일본이 수출규제 이후 한국에 대한 수출 감소폭이 한국의 대 일본 수출 감소폭보다 23배 더 큰 것으로 나타났다. 수출 규제 이후 한국 기업보다 일본 기업들이 더 큰 손실을 입은 것이다. 수출이 9개월 연속 쪼그라들었지만 일본 수출규제의 영향은 아직 제한적인 수준에 그치고 있는 것으로 해석된다.
산업통상자원부가 1일 발표한 8월 수출은 전년 동기 대비 13.6% 하락한 442억달러로 하반기 들어 수출 개선이 쉽지 않을 것이라는 전망에 힘을 실어줬다. 지난해 12월 이후 9개월째 이어진 마이너스 행진이다. 특히 6월 -13.8%, 7월 -11.0%에 이어 석 달째 두자릿수 하락률을 보여 수출 감소세가 심화되고 있는 점은 우려할만한 대목이다.
이런 가운데 7월1일 일본의 반도체 소재 등 3대 품목에 대한 대한국 수출 규제 발표 이후 일본과의 갈등관계가 우리 수출에 미치는 영향은 현재까지 크지 않은 것으로 나타났다. 지난 7월 기준으로 3개 수출 규제 품목(8000만달러)이 전체 대일본 수입액(41억6000만달러)에서 차지하는 비중이 1.8%에 불과해서다. 이 때문에 대일 수입에 미치는 영향은 미미한 수준에 그치고 있다.
또 3개 품목 수출 규제가 실제 생산 차질로 연결된 사례가 없어 한국의 대외 수출에 미치는 영향도 제한적이라는 평가가 나온다.
일본은 7월4일부터 3대 품목 수출을 제한했으나 8월7일과 19일 포토레지스트 수출을 허가했고, 29일에는 고순도 불화수소(에칭가스) 수출을 허가한 상태다.
아울러 7∼8월 대일본 수출·수입이 감소세를 보였으나 올해 월별 증감률 범위 안에 존재하며, 무역수지 또한 올해 월별 무역수지 수준으로 특이한 동향은 없다. 1∼7월 누계로 대일본 수출이 -5.4%의 감소세를 보이고 있는 가운데 8월의 대일본 수출도 석유제품·석유화학·차부품 등 부진으로 6.2% 감소했지만 일본 수출규제가 영향을 미친 것은 아니라는 분석이다.
8월 1∼25일 부문별 대일 수출 증감률(%)은 철강(2.3), 기계(0.6) 등을 제외하고 차부품(-8.7), 섬유(-11.1), 반도체(-13.1), 석유제품(-27.1), 석유화학(-39.6) 등은 하락세를 보였다.
일본으로부터 수입도 8월 8.2% 감소했는데 이는 한국의 전반적인 수출 하락세에 따라 대일본 소재·부품·장비 수요가 줄어든 때문으로 풀이된다. 품목별 대일본 수입 감소율은 반도체 제조용 장비(-32.6%), 원동기 부품(-28.2%), 고철(-17.6%), 동판(-7.5%), 프로세스와 컨트롤러(-5.9%) 순이었다.
일본과의 무역수지는 올해 들어 월평균 10억∼20억달러 적자이고, 지난달에도 비슷한 수준인 16억3000만달러였다. 7월보다는 적자 폭이 400만달러 늘어났다.
특히 7월 기준 우리의 대일본 수출 감소(-0.3%)보다 일본의 대 한국 수출 감소폭(-6.9%)이 더 크게 나타나 한국보다 일본이 더 큰 영향을 받은 것으로 나타났다. 일본 재무성 통계에 따르면 일본의 대한 수출은 올해 1월(-11.6%)부터 지속적으로 감소해왔으며 지난 6월은 -14.8%였다.
산업부 관계자는 ""7월 일본의 대한 수출 감소폭이 우리보다 더 큰 것은 1차적으로 일본의 수출규제 때문일 수도 있고 심리적 요인까지 겹쳤을 수 있다""면서 ""다만 전체적인 영향은 아직 제한적으로 볼 수 있다""고 말했다.
일본 맥주 등 소비재에 대한 한국민들의 자발적 불매운동이 대일 수입에 미치는 영향 또한 아직은 상징적 수준인 것으로 평가된다.
그렇다고 안심할 상황은 아니다. 일본이 지난달 28일부터 백색국가 제외 시행에 들어가면서 기업들의 경영상 불확실성이 여전하기 때문이다.
점차 격화되는 홍콩 시위사태가 수출에 미치는 영향도 8월에는 미미했으나 일본 수출규제와 더불어 심리적 악재로 작용할 전망이다. 아울러 미국과 중국이 예고한대로 9월1일부터 상대국 상품에 추가 관세를 부과하며 무역전쟁의 골이 더욱더 깊어지고 있다. 미중 분쟁 심화, 일본 수출규제 등으로 한국의 주력상품인 반도체 업황의 불확실성이 단가 하락과 맞물려 커지는 것이 문제다.
문병기 무역협회 수석연구원은 ""최근 수출부진의 70%는 대외 여건 악화에 따른 반도체 등 단가 하락 요인이 크다고 본다""면서 ""당초 올 하반기에는 수출이 어느 정도 회복될 것으로 기대했지만 사실상 어렵게 됐고, 그나마 잘하면 상반기 수준을 유지할 것""이라고 내다봤다.
한경닷컴 뉴스룸 open@hankyung.com
▶
네이버에서 한국경제 뉴스를 받아보세요
▶
한경닷컴 바로가기
▶
모바일한경 구독신청
ⓒ 한국경제 &
hankyung.com
, 무단전재 및 재배포 금지",2019-09-01 13:46:04,한국경제,https://n.news.naver.com/mnews/article/015/0004201821?sid=101,반도체 수출
"반도체, 예상보다 더 심각… 올 매출전망 -13.3%","세계반도체통계기구 또 큰폭 하향
메모리 반도체는 작년보다 31%↓
한국 경제의 버팀목 역할을 해 온 반도체 산업의 경기 전망이 계속 나빠지고 있다. 세계반도체시장통계기구(WSTS)는 1일 '2019년 2분기 반도체 시장 전망 보고서'를 통해 올해 반도체 시장 규모(매출 기준)가 지난해의 4687억7800만달러(567조원)보다 13.3% 줄어든 4065억8700만달러(492조원)가 될 것으로 예상했다.
이는 2018년 대비 3.0% 감소를 예상한 지난 2월의 전망치보다도 10.3%포인트 낮아진 것으로, 세 번째 전망치 하향 조정이다. WSTS는 지난해 8월 내놓은 첫 전망치에서는 '5.2% 성장'을 예상했다. 그러나 같은 해 11월 이를 '2.6% 성장'으로 조정했고, 올해 2월엔 '3.0% 감소'로 낮춘 바 있다.
반도체 시장 위축은 디램(DRAM)과 낸드 플래시 등 메모리 반도체의 가격 하락이 주도하고 있는 것으로 나타났다. WSTS는 올해 메모리 반도체 시장 규모를 지난해 대비 31% 급감(急減)한 1090억5400만달러(132조원)로 예상했다. 삼성전자와 SK하이닉스의 주력 제품인 디램과 낸드 플래시 메모리의 가격이 지난해 고점(高點) 대비 절반 수준으로 떨어진 탓이 크다. 반도체 업계 관계자는 ""7월 일본의 반도체 소재 수출 제한 조치 이후 가격이 일부 반등했으나, 오히려 이로 인한 수요 감소가 나타나면서 반도체 업계의 매출 감소세는 계속되고 있다""고 말했다.
메모리 반도체 외에 가전제품과 전자장비, 자동차에 쓰이는 IC(집적회로) 반도체와 시스템 반도체 시장도 위축되고 있는 것으로 파악됐다. 올해는 스마트폰과 디지털 카메라의 화상(畵像) 센서로 쓰이는 광학 반도체 분야만 유일하게 성장할 것으로 전망된다. WSTS는 내년에는 반도체 시장이 모든 품목에 걸쳐 반등(反騰)하면서 올해의 역성장에서 벗어날 것으로 예측했다. 그러나 시장 규모는 올해보다 4.8% 늘어난 4260억7500만달러(515조원)에 그치면서 2018년 수준에는 여전히 못 미칠 것으로 예상했다.
[정철환 기자 plomat@chosun.com]
- Copyrights ⓒ 조선일보 & chosun.com, 무단 전재 및 재배포 금지 -
[
네이버 메인에서 조선일보 받아보기
]
[
조선닷컴 바로가기
]
[
전일정무료! 중국 선전IT탐방 신청
]",2019-09-02 03:16:14,조선일보,https://n.news.naver.com/mnews/article/023/0003471044?sid=101,반도체 수출
대구서 열리는 수출상담회에 일본 바이어 대거 참가,"백색국가 배제 영향 우려했으나 '거래처 발굴' 뜻 전해
(대구=연합뉴스) 홍창진 기자 = 일본 정부의 한국에 대한 경제보복 조치 와중에 대구에서 열리는 수출상담회에 일본 바이어가 대거 참가한다.
27일 대구시·대구경북코트라(KOTRA)지원단에 따르면 두 기관은 오는 28일 호텔 인터불고 엑스코에서 '일본 유력 소비재 바이어 초청 수출상담회'를 개최한다.
수출상담회 참가 바이어들은 일본 대형 온·오프라인 유통망에 소비재를 납품하는 도쿄·오사카·나고야·후쿠오카 등 주요 도시 17개 판매사 소속이다.
이들은 대구·경북지역 생산업체 40여 개사와 일대일 미팅을 갖고, 코트라 전문위원이 참여한 가운데 상담회 현장에서 수출 관련 상담을 진행한다.
수출상담회는 지난해 말부터 추진됐으나 일본 정부의 한국에 대한 반도체 소재 수출규제, '백색국가(화이트리스트·수출 간소화 대상국)' 배제 등의 영향을 받아 행사가 정상 진행될지 우려됐다.
하지만 초청을 받은 일본 유통판매사 바이어 대부분이 상담회에 참석하겠다는 뜻을 밝혔다.
상담회 실무를 맡은 코트라지원단 관계자는 ""일본 바이어들이 '최근 한·일 관계가 경색됐으나 거기에 상관없이 대구·경북의 흥미로운 거래처를 발굴하고 싶다'는 의사를 전해왔다""고 밝혔다.
또 ""참석을 취소한 일본 바이어는 없으며 기존에 한국 제품을 수입해온 업체가 13개사, 신규 참가 업체가 4개사""라고 소개했다.
도쿄 '케이엠케이(KMK)'는 한국의 생활잡화·주방용품 관련 아이디어 제품을 일본에 소개하겠다며 참여 의사를 밝혔고, '에스와이디 크리에이트(SYD CREATE)'는 한국 미용제품 수입을 위해 참여 의사를 전했다.
안중곤 대구시 일자리투자국장은 ""이번 수출상담회를 통해 지역의 다양한 소비재 제품이 일본 시장에 진출하기를 바란다""고 말했다.
realism@yna.co.kr
▶확 달라진 연합뉴스 웹을 만나보세요
▶네이버 [연합뉴스] 채널 구독
▶뭐 하고 놀까? #흥",2019-08-27 11:47:56,연합뉴스,https://n.news.naver.com/mnews/article/001/0011042051?sid=101,반도체 수출
"일본, 불화수소 첫 수출허가…정부 ""일희일비 안한다""","일본이 지난달 초 수출 규제 조치 이후 처음으로 고순도 불화수소, 에칭가스 수출을 허가한 것으로 29일 확인됐습니다.
그동안 수출이 제한된 반도체·디스플레이 소재 3대 품목 가운데 포토레지스트, 감광액 수출은 일본이 두차례 허가했지만, 불화수소는 처음입니다.
산업통상자원부 당국자는 ""오늘 일본이 불화수소 가스 수출 한 건을 허가한 사실을 업계에서 확인했다""고 밝혔습니다.
수출 허가 신청은 일본이 수출 규제에 들어간 지난달 4일 전후로 알려졌으며, 정확한 수출물량과 순도는 아직 확인되지 않았습니다.
이번 불화수소를 수입하는 기업은 삼성전자인 것으로 알려졌습니다.
불화수소는 반도체 제조 공정에서 회로를 새길 때 사용하는 필수 소재입니다.
삼성전자와 SK하이닉스 등 국내 반도체 기업에서 포토레지스트와 함께 확보에 주력했던 소재이기도 합니다.
일본의 불화수소 수출허가 조치에도 이를 일본의 입장이 전면적으로 선회했다고 볼 수 없다는 게 대체적인 관측입니다.
정부 당국자는 ""이번에 또 불화수소를 한 건 허가해줬다고 해서 일희일비할 사안은 아니다""라면서 ""한국 정부 입장은 수출 규제를 무조건 철회하라는 것""이라고 선을 그었습니다.
다른 관계자도 ""일본 언론에서도 수출규제로 일본이 세계무역기구, WTO에 제소되면 수출허가를 안 내준 것 때문에 불리할 수 있다는 점이 거론됐다""면서 ""패소를 염두에 둔 조치로 보이며 전반적 기조는 변한 것이 없다고 본다""고 말했습니다.
국제사회에 수출 금지가 아닌 정상 수출 규제임을 강조하려는 일본 정부의 명분 쌓기일 가능성을 배제할 수 없다는 것입니다.
이로써 최장 90일의 개별허가 심사 대상인 3대 품목 가운데 플루오린 폴리이미드만 아직 수출 허가가 나지 않았습니다.
일본에서 지난 7월 한 달간 한국으로 수출된 고순도 불화수소는 수출규제 영향으로 전월과 비교해 80% 넘게 감소한 것으로 나타났습니다.
불화수소는 일본 정부가 군사용도로 전용될 가능성이 있다며 수출규제 강화의 근거로 삼았던 품목입니다.
문병기 무역협회 수석연구원은 ""당초 합당한 근거를 밝히지 않았던 일본 정부가 계속해서 수출을 지연시키기는 부담스러웠을 것""이라며 ""게다가 한국이 발빠르게 수입국 다변화를 꾀하고 국산화에 나서자 일본 수출기업이 어려움에 처할 수 있는 점을 종합적으로 고려한 것으로 보인다""고 말했습니다.
한국과 대화와 협상 여지를 조금씩 넓히면서도 향후 협상에서 우위를 점하려는 의도로도 해석됩니다.
장훈경 기자(rock@sbs.co.kr)
▶ [끝까지 판다] 관세청 비리 녹취 단독 입수
▶ [인-잇] 사람과 생각을 잇다
※ ⓒ SBS & SBS Digital News Lab. : 무단복제 및 재배포 금지",2019-08-30 00:13:07,SBS,https://n.news.naver.com/mnews/article/055/0000755302?sid=101,반도체 수출
8월 수출 13.6% 감소한 442억 달러…日 규제 영향은 '제한적',"일본의 수출규제와 미중 무역분쟁 심화 등 대외여건 악화 속에 한국 수출이 9개월 연속 감소했습니다.
산업통상자원부는 8월 수출이 지난해 같은 달보다 13.6% 줄어든 442억 달러로 집계됐다고 오늘(1일) 밝혔습니다.
지난해 12월 수출이 -1.7%로 마이너스로 돌아선 이후 9개월 연속 감소세입니다.
수입은 424억 8천만 달러로 지난해 같은 달보다 4.2% 감소했습니다.
다만 7월부터 시작된 일본의 수출 규제로 인한 대 일본 수출입 영향은 여전히 제한적인 것으로 나타났습니다.
반도체 소재 등 3대 품목 수출을 규제하던 일본은 8월 들어 포토레지스트, 불화수소 등 두 개 품목의 수출을 모두 세 차례 허가했습니다.
무역수지는 17억 2천만 달러의 흑자를 기록하며 91개월 연속 흑자기조를 유지했습니다.
유덕기 기자(dkyu@sbs.co.kr)
▶ [끝까지 판다] 관세청 비리 녹취 단독 입수
▶ [인-잇] 사람과 생각을 잇다
※ ⓒ SBS & SBS Digital News Lab. : 무단복제 및 재배포 금지",2019-09-01 09:02:36,SBS,https://n.news.naver.com/mnews/article/055/0000755700?sid=101,반도체 수출
日 수출규제 후 한국 기업보다 日 기업 더 타격,"[한국경제TV 이영호 기자]
수출이 9개월 연속 쪼그라든 속에서도 일본 수출규제의 영향은 아직 제한적인 수준에 그치고 있는 것으로 나타났다.
특히 일본이 수출규제 이후 한국에 대한 수출 감소폭이 한국의 대(對) 일본 수출 감소폭보다 23배 큰 것으로 나타났다. 한국 기업보다 일본 기업들이 더 큰 타격을 받고 있다는 점이 확인된 것이다.
산업통상자원부가 1일 발표한 8월 수출은 전년 동기 대비 13.6% 하락한 442억달러로 하반기 들어 수출 개선이 쉽지 않을 것이라는 전망에 힘을 실어줬다.
지난해 12월 이후 9개월째 이어진 마이너스 행진이다.
특히 6월 -13.8%, 7월 -11.0%에 이어 석 달째 두자릿수 하락률을 보여 수출 감소세가 심화되고 있는 점은 우려할만한 대목이다.
이런 가운데 7월 1일 일본의 반도체 소재 등 3대 품목에 대한 대한국 수출 규제 발표 이후 일본과의 갈등관계가 우리 수출에 미치는 영향은 현재까지 크지 않은 것으로 나타났다.
지난 7월 기준으로 3개 수출 규제 품목(8천만달러)이 전체 대일본 수입액(41억6천만달러)에서 차지하는 비중이 1.8%에 불과해서다. 이 때문에 대일 수입에 미치는 영향은 미미한 수준에 그치고 있다.
또 3개 품목 수출 규제가 실제 생산 차질로 연결된 사례가 없어 한국의 대외 수출에 미치는 영향도 제한적이라는 평가가 나온다.
일본은 7월 4일부터 3대 품목 수출을 제한했으나 8월 7일과 19일 포토레지스트 수출을 허가했고, 29일에는 고순도 불화수소(에칭가스) 수출을 허가한 상태다.
아울러 7∼8월 대일본 수출·수입이 감소세를 보였으나 올해 월별 증감률 범위 안에 존재하며, 무역수지 또한 올해 월별 무역수지 수준으로 특이한 동향은 없다.
1∼7월 누계로 대일본 수출이 -5.4%의 감소세를 보이고 있는 가운데 8월의 대일본 수출도 석유제품·석유화학·차부품 등 부진으로 6.2% 감소했지만 일본 수출규제가 영향을 미친 것은 아니라는 분석이다.
8월 1∼25일 부문별 대일 수출 증감률(%)은 철강(2.3), 기계(0.6) 등을 제외하고 차부품(-8.7), 섬유(-11.1), 반도체(-13.1), 석유제품(-27.1), 석유화학(-39.6) 등은 하락세를 보였다.
일본으로부터 수입도 8월 8.2% 감소했는데 이는 한국의 전반적인 수출 하락세에 따라 대일본 소재·부품·장비 수요가 줄어든 때문으로 풀이된다.
품목별 대일본 수입 감소율은 반도체 제조용 장비(-32.6%), 원동기 부품(-28.2%), 고철(-17.6%), 동판(-7.5%), 프로세스와 컨트롤러(-5.9%) 순이었다.
일본과의 무역수지는 올해 들어 월평균 10억∼20억달러 적자이고, 지난달에도 비슷한 수준인 16억3천만달러였다. 7월보다는 적자 폭이 400만달러 늘어났다.
특히 7월 기준 우리의 대일본 수출 감소(-0.3%)보다 일본의 대(對)한국 수출 감소폭(-6.9%)이 더 크게 나타나 한국보다 일본이 더 큰 영향을 받은 것으로 나타났다.
일본 재무성 통계에 따르면 일본의 대한 수출은 올해 1월(-11.6%)부터 지속적으로 감소해왔으며 지난 6월은 -14.8%였다.
산업부 관계자는 ""7월 일본의 대한 수출 감소폭이 우리보다 더 큰 것은 1차적으로 일본의 수출규제 때문일 수도 있고 심리적 요인까지 겹쳤을 수 있다""면서 ""다만 전체적인 영향은 아직 제한적으로 볼 수 있다""고 말했다.
일본 맥주 등 소비재에 대한 한국민들의 자발적 불매운동이 대일 수입에 미치는 영향 또한 아직은 상징적 수준인 것으로 평가된다.
이영호기자 hoya@wowtv.co.kr
▶
네이버 홈에서 [한국경제TV] 채널 구독하기
[생방송보기]
▶
대한민국 재테크 총집결
!
- [증권 / 주식상담 / 부동산]
ⓒ 한국경제TV, 무단 전재 및 재배포 금지",2019-09-01 19:38:10,한국경제TV,https://n.news.naver.com/mnews/article/215/0000806596?sid=004,반도체 수출
8월 기업 체감경기 4p 떨어진 69…日 수출규제 등 여파,"반도체·통신장비업 부정적 인식 늘어…부동산업도 정부대책에 위축
소비심리 합친 경제심리지수는 금융위기 직후 수준으로 악화
(서울=연합뉴스) 이지헌 기자 = 기업 체감경기가 이달 들어 눈에 띄게 하락했다.
기업과 소비자의 경기 인식을 모두 합한 지표인 경제심리지수(ESI)는 계절요인 등을 제외하고 봤을 때 금융위기 직후 수준으로까지 악화했다.
한국은행이 29일 발표한 8월 기업경기실사지수(BSI) 자료에 따르면 이달 전(全) 산업의 업황 BSI는 69로 한 달 전보다 4포인트 하락했다.
전 산업 업황 BSI가 70 밑으로 떨어진 것은 지난 2월(69) 이후 6개월 만이다.
BSI란 기업이 인식하는 경기를 보여주는 지표로, 기준치인 100 미만이면 설문에서 부정적이라고 응답한 업체가 긍정적이라고 답한 업체보다 많다는 의미다.
업종별로는 제조업 업황 BSI(68)가 전달 대비 5포인트 하락해 2포인트 떨어진 비제조업(70)보다 낙폭이 컸다.
특히 제조업 중 반도체 등이 포함된 전자·영상·통신장비 부문의 업황 BSI는 72로 한 달 전보다 11포인트나 하락해 지표 하락을 주도했다.
일본의 수출규제가 국내 부품업체들의 경영 여건에 직간접적으로 부정적인 여파를 미쳤다고 추정할 수 있는 대목이다.
한은 관계자는 ""국내외 수요 둔화에 따른 중소 부품업체 간 경쟁 심화로 부정적인 응답이 늘었다""며 ""일본의 수출규제나 미중 무역분쟁이 모두 복합적으로 영향을 미쳤을 것""이라고 말했다.
전기장비(57)도 수요 둔화로 전월 대비 8포인트 하락했다.
이에 반해 자동차(76) 부문은 신차 출시 효과로 8포인트 상승했다.
기업 규모별로는 대기업(78)이 한 달 전보다 1포인트 하락한 데 비해 중소기업(59)은 7포인트나 줄었다, 반도체·통신장비 분야에서 중소 부품업체들의 부정적 응답이 늘어난 게 하락세에 영향을 줬다.
기업형태별로는 수출기업(80)과 내수기업(62) 모두 4포인트씩 빠졌다. 내수기업의 업황 BSI는 2009년 3월(56) 이후 10년 5개월 만에 가장 낮은 수준으로 떨어졌다.
비제조업 업황 BSI는 휴가철을 맞아 숙박업(87)이 14포인트 상승했으나, 부동산업(59)은 정부의 분양가 상한제 방안 발표의 영향으로 10포인트 하락했다. 부동산 업황 BSI는 부동산 경기가 위축됐던 2013년 8월(58) 이후 가장 낮았다.
그러나 내달 전 산업의 업황 전망 BSI는 72로 이번 달 대비 1포인트 상승해 미약하지만 경기 개선에의 기대감이 보였다.
BSI에 소비자동향지수(CSI)를 합쳐 산출한 경제심리지수(ESI)는 0.8포인트 하락한 88.4로 2012년 11월(87.9) 이후 6년여 만에 가장 낮은 수준으로 떨어졌다. 앞서 발표된 8월 소비자심리지수는 3.4포인트 떨어진 92.5였다.
계절적 요인, 불규칙 변동을 제거한 ESI 순환변동치는 0.6포인트 내린 89.7을 기록했다. 이는 글로벌 금융위기 직후 시기인 2009년 5월(87.2) 이후 10년 3개월 만에 가장 낮은 수준이다.
pan@yna.co.kr
▶확 달라진 연합뉴스 웹을 만나보세요
▶네이버 [연합뉴스] 채널 구독
▶뭐 하고 놀까? #흥",2019-08-29 06:00:03,연합뉴스,https://n.news.naver.com/mnews/article/001/0011046600?sid=101,반도체 수출
"日불화수소, 한국 수출 83.7% 급감…규제 여파","일본에서 지난 7월 한 달간 한국으로 수출된 고순도 불화수소 물량이 수출 규제 영향으로 전월과 비교해 80% 넘게 급감한 것으로 나타났습니다.
일본 재무성이 오늘(29일) 발표한 7월 품목별 무역통계에 따르면 반도체 세정 공정에 사용하는 불화수소의 지난달 한국 수출량은 479t으로, 6월과 비교해 83.7%나 줄었습니다.
일본 정부는 지난 7월 4일부터 고순도 불화수소, 플루오린 폴리이미드, 포토레지스트 등 반도체·디스플레이 제조에 필요한 핵심 소재 3개 품목의 한국 수출 규제를 시작했습니다.
연합뉴스TV 기사문의 및 제보 : 카톡/라인 jebo23
▶ 연합뉴스TV 네이버 채널 구독
▶ 생방송 시청
▶ 대한민국 뉴스의 시작, 연합뉴스TV 앱 다운받기",2019-08-29 17:52:09,연합뉴스TV,https://n.news.naver.com/mnews/article/422/0000390262?sid=104,반도체 수출
8월 1~20일 수출 13.3% 감소…對일본 13.1%↓(종합),"반도체 수출 29.9%↓ 對중국 20%↓…對일본 수입 8.3%↓
(세종=연합뉴스) 윤종석 기자 = 8월 수출이 반도체 등의 부진으로 지난 20일까지 감소세를 보였다.
21일 관세청에 따르면 이달 1~20일 수출은 249억달러로 1년 전 같은 기간보다 13.3% 줄어든 것으로 집계됐다.
조업일수는 작년 동기와 같은 14.5일이었다.
이같은 추세라면 8월 월간 수출도 감소할 공산이 크다. 이렇게 되면 수출은 9개월 연속 마이너스를 기록하게 된다.
앞서 수출은 반도체와 대(對)중국 수출 부진 등으로 작년 12월부터 지난달까지 8개월째 전년 동기 대비 감소세를 보였다.
8월 1~20일 수출액을 품목별로 보면 반도체가 29.9% 줄었고 석유제품(-20.7%), 자동차 부품(-1.6%) 등이 감소했다.
반면 무선통신기기(57.5%), 승용차(8.0%), 선박(179.7%) 등은 증가했다.
국가별로는 대 중국 수출이 20.0% 감소했고 우리나라와 무역분쟁 중인 일본의 경우 13.1% 줄었다.
미국(-8.7%), 유럽연합(EU)(-9.8%) 등지도 감소세를 보였고 베트남(8.7%), 싱가포르(47.8%) 등으로는 수출이 늘었다.
1~20일 수입은 267억달러로 작년 동기 대비 2.4% 감소했다.
정보통신기기(4.2%), 정밀기기(13.6%), 승용차(45.3%) 등은 수입이 늘었고 원유(-7.3%), 기계류(-6.0%), 석유제품(-15.1%) 등은 감소했다.
일본에서의 수입은 8.3% 감소했고 중국(-1.2%), 중동(-6.6%), 미국(-3.6%)으로부터의 수입도 줄었다.
이에 반해 EU(4.4%), 호주(22.7%), 베트남(15.3%)에서의 수입은 증가했다.
▶확 달라진 연합뉴스 웹을 만나보세요
▶네이버 [연합뉴스] 채널 구독
▶뭐 하고 놀까? #흥",2019-08-21 09:25:03,연합뉴스,https://n.news.naver.com/mnews/article/001/0011029803?sid=101,반도체 수출
수출 9개월 연속 내리막…반도체 수출액 30% 급감,"■ 경제와이드 백브리핑 시시각각 '헤드라인'
◇ 수출 9개월째 내리막…日 규제 영향 제한적
세계 경기 둔화와 반도체 수출 급감으로 지난달까지 우리나라 수출액이 9개월 연속으로 줄었습니다.
일본의 수출규제 타격은 아직 제한적인 것으로 나타났습니다.
◇ LG디스플레이, 고순도 불화수소 국산화 성공
LG디스플레이가 일본의 수출규제 품목 중 하나인 고순도 불화수소 국산화에 성공해 이달부터 생산에 들어갈 것으로 보입니다.
삼성디스플레이도 이르면 이달 중 테스트를 마칠 예정인데, 국내 기업들의 소재 부품 자립화가 속도를 내고 있습니다.
◇ 홍남기 ""상한제 10월 바로 시행 안해""
홍남기 경제부총리가 민간택지 분양가 상한제 시행과 관련해 다음 달 초부터 바로 작동하지는 않을 것이라고 밝혔습니다.
내년 초대형 예산 편성에 따른 재정 건전성 우려에 대해서도 증세 계획은 없다고 선을 그었습니다.
◇ 유류세 인하 종료…서울 휘발윳값 1620원
한시적 유류세 인하가 끝난 어제(1일) 첫날부터 기름값이 크게 올라 서울 휘발윳값이 1600원을 넘었습니다.
유류세 인하 시작 때는 기름값에 느리게 반영되더니, 올라갈 때는 초스피드라는 지적이 이어지고 있습니다.
안지혜 기자(jje@sbs.co.kr)
☞ 의견 있는 경제채널 SBSCNBC
[홈페이지]
☞ 경제를 실험한다~ #머니랩
[네이버 TV]
저작권자 SBS미디어넷 & SBS I&M 무단전재-재배포 금지",2019-09-02 11:48:31,SBS Biz,https://n.news.naver.com/mnews/article/374/0000192622?sid=101,반도체 수출
日 3차 수출규제 1순위 '디스플레이'…반도체보다 대일의존도 높아,"OLED에 쓰는 섀도마스크는 전량 日에 의존
기술적 난이도 탓에 당분간 국산화 어려워
애플, 삼성디스플레이→LG, 中 BOE로 거래선 다변화
일본 정부가 예고한 대로 28일 한국을 '백색국가(화이트리스트·수출 간소화 대상 국가)'에서 제외하는 조치를 시행한 가운데 최대 피해 업종 중 하나로 꼽히는 디스플레이 업계의 불안감이 고조되고 있다.
반도체 핵심 소재에 대해 수출 절차를 까다롭게 하는 1차 경제보복 조치에 이어 2차 경제보복 조치가 현실화된 상황이다. 여기에 개별 업종에 타격을 가하는 3차 경제보복 조치가 이뤄진다면 대일 수입 의존도가 높은 디스플레이 업종이 해당될 가능성이 높아서다.
업계에 따르면 일본의 화이트리스트 제외 대상품목 1080여종 중 디스플레이 산업과 관련된 품목은 10여종으로 파악된다. 초박막액정표시장치(TFT-LCD)용 플레이트, 실리콘 러버 시트, LCD 차광시트, 블랭크마스크, 평판디스플레이 제조용 진공펌프, LCD 제조용 식각기 등이다.
국내 산업분야 중 대일본 수입 의존도가 가장 높은 업종이 바로 디스플레이(49%)다. 반도체보다도 의존도가 높다. 업계 관계자는 ""일본이 수출 규제를 빌미로 개별 업종을 타격할 경우 국내 중간재 생산에 직접 영향을 미치고, 결과적으로 최종 제품 수출에도 문제가 생길 수 있다""고 했다.
전략물자에는 포함되지 않았지만 섀도마스크(shadow mask·화소형성 소재)는 일본이 규제 조치를 시행할 경우 상당한 타격을 입을 소재다.
섀도마스크는 소형 유기발광다이오드(OLED) 증착 공정에 필수적으로 사용되는 소재로 일본이 세계 시장의 90%를 점유하고 있다. 스마트폰 고해상도를 결정하는 핵심 요인 중 하나다.
섀도마스크는 미세한 구멍이 뚫린 얇은 철판으로 구멍 크기와 간격이 일정해야 고품질로 분류된다. 디스플레이 증착 공정이 수백도 고온에서 이뤄지므로 변형도 없어야 한다.
앞서 1차 수출규제 항목에 포함된 플루오린 폴리이미드 등도 일본 의존도가 높지만 일본에서 전량 수입하진 않는다. 반면 섀도마스크는 삼성디스플레이와 LG디스플레이가 일본 다이니폰프린팅(DNP)과 토판프린핑(TPP)으로부터 전량 수입할 만큼 대일 의존도가 절대적이다.
특히 섀도마스크가 중소형 올레드 증착 공정에 주로 쓰이는 점을 고려하면 이 시장의 80% 이상 점유율을 보이는 삼성디스플레이가 직접 타격을 입을 수밖에 없다.
삼성디스플레이는 그동안 모바일용 중소형 올레드 패널을 애플에 독점적으로 공급해왔다. 애플은 최근 이를 LG디스플레이와 중국 BOE 등에서도 공급받기로 하는 등 거래선 다변화를 추진 중이다.
정부가 수출규제 조치에 대응해 국산화 노력을 주문하고 있으나, 섀도마스크는 높은 기술적 난이도 때문에 국산화도 쉽지 않다. 600도의 고온 증착 공정에서 초박막 두께를 형성할 수 있는 기술은 일본 DNP 정도만 보유한 것으로 알려졌다. 국내에선 웨이브일렉트로닉스가 관련 기술을 개발 중이지만 아직 양산에는 성공하지 못했다.
업계 관계자는 ""일단 섀도마스크를 규제 대상에 포함시키려는 움직임은 없는 것으로 안다""면서도 ""다만 일본 정부가 규제를 강행했을 경우까지 대비하고 있다""고 했다.
삼성디스플레이는 최근 웨이브일렉트로닉스 등 개발 업체들과 함께 태스크포스(TF)를 꾸리고 풀HD 이상급에 사용할 수 있는 섀도마스크 샘플 개발에 나선 것으로 알려졌다.
노정동 한경닷컴 기자 dong2@hankyung.com
▶
네이버에서 한국경제 뉴스를 받아보세요
▶
한경닷컴 바로가기
▶
모바일한경 구독신청
ⓒ 한국경제 &
hankyung.com
, 무단전재 및 재배포 금지",2019-08-28 15:15:04,한국경제,https://n.news.naver.com/mnews/article/015/0004199889?sid=105,반도체 수출
"日, 규제 이후 불화수소 첫 수출 허가…삼성전자 납품","<앵커>
방금 들어온 소식 하나 전해 드립니다. 일본의 수출 규제 조치 이후 단 한 건도 수출 허가가 나지 않았던 불화수소, 이게 반도체 만들 때 핵심 소재 가운데 하나인데, 일본 정부가 이 불화수소를 우리나라에 수출하는 걸 약 두 달 만에 처음으로 허가했다는 소식이 들어왔습니다. 취재기자가 전화로 연결되어 있습니다.
장훈경 기자 전해주시죠.
<기자>
일본 정부는 오늘(29일), 수출 규제 이후 한 건도 수출 허가를 내지 않고 있던 반도체 공정용 불화수소에 대해 수출을 승인한 걸로 확인됐습니다.
지난달 4일 수출 규제가 시작된 이후 첫 승인입니다.
그동안 일본은 수출 규제의 개별 허가 품목으로 지정된 반도체 디스플레이의 3개 필수 소재 가운데 극자외선 공정용 포토레지스트에 대해서만 두 건의 수출 승인을 했을 뿐 불화수소와 폴리에미드에 대해서는 승인을 내지 않고 있었습니다.
이번에 수입되는 불화수소는 삼성전자에 납품될 것으로 알려졌습니다.
분량과 순도는 확인되지 않았습니다.
일본의 이번 불화수소 수출 허가는 심사 과정에서 문제가 없으면 절차를 거쳐 수출되는데, 문제가 없을 거라는 명분을 확보하기 위한 걸로 보입니다.
하지만 최근 삼성과 SK가 일본이 아닌 중국 등 다른 나라에서 불화수소 수입을 추진하고 있는 것과 관련이 있다는 분석도 나옵니다.
일본에서 지난 7월 한 달 동안 한국에 수출한 고순도 불화수소 물량은 한 달 전보다 80% 넘게 줄어든 상황입니다.
(영상편집 : 소지혜)
장훈경 기자(rock@sbs.co.kr)
▶ [끝까지 판다] 관세청 비리 녹취 단독 입수
▶ [인-잇] 사람과 생각을 잇다
※ ⓒ SBS & SBS Digital News Lab. : 무단복제 및 재배포 금지",2019-08-29 21:05:56,SBS,https://n.news.naver.com/mnews/article/055/0000755284?sid=101,반도체 수출
[2보] 8월 1~20일 수출 13.3% 감소…반도체 29.9%↓,"對 일본 수출 13.1%, 수입 8.3% 줄어…對 중국 수출 20%↓
(세종=연합뉴스) 윤종석 기자 = 8월 수출이 반도체 등의 부진으로 지난 20일까지 감소세를 보였다.
이로써 수출은 이달까지 9개월 연속 마이너스를 기록할 개연성이 커졌다.
21일 관세청에 따르면 이달 1~20일 수출은 249억달러로 1년 전 같은 기간보다 13.3% 감소한 것으로 집계됐다.
조업일수는 작년 동기와 같은 14.5일이었다.
반도체는 29.9%, 대(對) 중국 수출은 20.0% 줄었다.
일본에 대한 수출은 13.1%, 수입은 8.3% 감소한 것으로 집계됐다.
▶확 달라진 연합뉴스 웹을 만나보세요
▶네이버 [연합뉴스] 채널 구독
▶뭐 하고 놀까? #흥",2019-08-21 09:02:46,연합뉴스,https://n.news.naver.com/mnews/article/001/0011029758?sid=101,반도체 수출
日 불화수소 7월 한국수출 물량 83.7% 급감…규제 여파,"(도쿄=연합뉴스) 박세진 특파원 = 일본에서 지난 7월 한 달간 한국으로 수출된 고순도 불화수소(에칭가스) 물량이 수출 규제 영향으로 전월과 비교해 80% 넘게 급감한 것으로 나타났다.
일본 재무성이 29일 발표한 7월 품목별 무역통계에 따르면 반도체 세정 공정에 사용하는 불화수소의 지난달 한국 수출량은 479t으로, 전월 대비 83.7% 급감했다.
일본 정부는 지난 7월 4일부터 고순도 불화수소, 플루오린 폴리이미드, 포토레지스트 등 반도체·디스플레이 제조에 필요한 핵심 소재 3개 품목의 한국 수출 규제를 시작했다.
parksj@yna.co.kr
▶확 달라진 연합뉴스 웹을 만나보세요
▶네이버 [연합뉴스] 채널 구독
▶뭐 하고 놀까? #흥",2019-08-29 10:22:58,연합뉴스,https://n.news.naver.com/mnews/article/001/0011047299?sid=104,반도체 수출
"日, 불화수소 첫 수출허가…정부 ""일희일비 안 해""","일본이 지난달 초 수출 규제 조치 이후 처음으로 고순도 불화수소(에칭가스) 수출을 허가했다.
산업통상자원부 당국자는 29일 ""오늘 일본이 불화수소 가스 수출 한건을 허가한 사실을 업계에서 확인했다""고 밝혔다.
그동안 수출이 제한된 반도체·디스플레이 소재 3대 품목 가운데 포토레지스트(감광액) 수출은 일본이 두차례 허가했지만, 불화수소는 처음이다.
수출 허가 신청은 일본이 수출 규제에 들어간 지난달 4일 전후로 알려졌으며, 정확한 수출물량과 순도는 아직 확인되지 않았다.
이번 불화수소를 수입하는 기업은 삼성전자인 것으로 알려졌다.
불화수소는 반도체 제조 공정에서 회로를 새길 때 사용하는 필수 소재다. 삼성전자와 SK하이닉스 등 국내 반도체 기업에서 포토레지스트와 함께 확보에 주력했던 소재이기도 하다.
다만 일본 정부는 수출허가에 대한 사실관계 확인을 거부했다.
일본 경제산업성 관계자는 한국에 대한 불화수소 수출을 허가했느냐는 질의에 ""우리는 그런 사실을 발표하지 않았다. 개별 회사에 관련된 정보를 우리가 공표하는 것은 기본적으로 없다""고 답했다.
이에 정부 당국자는 ""이번에 또 불화수소를 한 건 허가해줬다고 해서 일희일비할 사안은 아니다""라면서 ""한국 정부 입장은 수출 규제를 무조건 철회하라는 것""이라고 선을 그었다.
앞서 일본은 지난달 수출 규제 조치 이후 7일 포토레지스트 수출을 허가했고, 19일에 추가로 포토레지스트 수출을 승인했다.
이로써 최장 90일의 개별허가 심사 대상인 3대 품목 가운데 플루오린 폴리이미드만 아직 수출 허가가 나지 않았다.
[디지털뉴스국]
▶네이버 메인에서 '매일경제'를 받아보세요
▶뉴스레터 '매콤달콤' 구독
▶무궁무진한 프리미엄 읽을거리
[ⓒ 매일경제 & mk.co.kr, 무단전재 및 재배포 금지]",2019-08-29 22:32:04,매일경제,https://n.news.naver.com/mnews/article/009/0004418931?sid=101,반도체 수출
"""한일간 전략물자 수출, 美중재로 투명하게 관리해야""","■ '동아시아 경제협력' 컨퍼런스
G2갈등에 글로벌 공급망 와해
'소재 국산화'도 단기간 달성 못해
3국간 협의체 발족···사태 해결을
[서울경제] 일본 정부의 보복성 반도체 핵심품목 수출규제에 대해 ‘한미일 전략물자 수출통제 협의체’ 등 무역기구를 발족해 사태를 해결해야 한다는 주장이 나왔다. 사업예산 지원, 연구·개발(R&D) 세제혜택 등의 일시적 방법으로 일본산 핵심 소재를 국산화 하는 것이 당장은 어렵다는 지적이다.
2일 연세대학교경제연구소와 한국경제연구학회·한국경제학회 주최로 열린 ‘동아시아 국제환경 변화와 한반도 경제협력’ 컨퍼런스의 2차 토론은 ‘한일 양국간 무역 갈등의 원인과 해결방안’을 주제로 진행됐다. 발제자로 나선 왕윤종 경희대학교 경제학과 교수는 “미국과 중국 간 무역분쟁으로 글로벌 공급망이 무너지는 가운데 일본의 수출규제조치는 비합리적”이라며 “글로벌 공급망 와해로 전세계 반도체 가격의 상승은 일본의 제조업·4차산업 전반에도 부정적 영향을 미칠 가능성이 크다”고 밝혔다. 이어 “지소미아가 파기된 상황에서 일본과의 협의가 쉽지 않을 것으로 보이는 만큼 미국의 중재를 통해 한미일 3국간 투명하고 안전한 전략물자 수출관리를 모색해야 한다”고 강조했다.
이날 토론자들은 일본의 수출규제조치에 대한 국내 대응으로 ‘소재의 국산화’ 노력이 한창이지만 이는 장기과제인 만큼 빠른 실효성은 거두기 어렵다고 봤다. 정부가 화학물질 관리법 등을 완화하고 특별연장근로를 인가하는 동시에 소재·부품 산업 육성을 위해 약 8조원의 예산을 지원하고 있지만 이 같은 대책으로 일본산 제품의 국산화가 가능할지는 미지수라는 시각이다. 구정모 전 한국경제학회장은 “소재 산업의 역량은 기초과학과 인재교육에 의해 좌우되는 것인 만큼 10~20년 내다보고 노력해야 하는 장기과제”라고 분석했다. 무역제도의 기본 취지인 산업 우위론에 대한 제언도 이어졌다. 왕 교수는 “반도체 산업에서 한국은 설계·공정 부문에 비교우위가 있고 일본은 소재부문에 있다”며 “특히 장비 부문은 삼성전자 이외 국내 다른 기업들은 역량이 부족한 것으로 파악된다”고 말했다. 이어 그는 “모든 것을 혼자서 할 수 있다면 무역이 왜 필요한지 생각해봐야 한다”며 “한일 양국은 미래 산업에 있어서 상호 중요한 파트너”라고 강조했다.
오는 10월 말로 예정된 대법원의 일본 강제징용 기업 압류재산의 매각 결정이 최종 변수로 작용할 전망이다. 신일본제철의 국내 압류재산을 매각해 현금화 할 경우 일본의 추가적인 보복조치가 단행될 가능성이 높기 때문이다. 만약 우리 정부가 압류재산을 매각하지 않고 지금 상황을 유지한다면 일본 정부가 3개월 이내에 대부분의 수출 심사를 완료하고 수출 허가를 결정할 수 있다고 전문가들은 내다봤다.
/백주연기자 nice89@sedaily.com
[서울경제 바로가기]
▶ 한눈에 보는 시그널 '기업 재무정보'
|
▶ 네이버TV로 서울경제썸 구독하기
▶ 네이버 메인에서 'No. 1 뉴스' 서울경제를 만나보세요
저작권자 ⓒ 서울경제, 무단 전재 및 재배포 금지",2019-09-02 17:46:10,서울경제,https://n.news.naver.com/mnews/article/011/0003612673?sid=101,반도체 수출
"중국, 홍콩에 무력 진압 나선다면…한국 수출 큰 부담","홍콩, 한국 수출국 4위…반도체 비중 70% 넘어
“정치·경제적 부담으로 무력 개입 가능성은 낮아”
중국이 홍콩 ‘반송중’(중국 송환 반대) 시위 무력 진압을 시도하고 미국이 이에 개입해 미-중 무역갈등과 연계할 경우, 한국 수출경제가 크게 위협받을 수 있다는 우려가 나오고 있다. 미-중 무역갈등과 일본의 수출규제 강화에 더해 홍콩 사태 장기화까지 겹쳐지며 경제 전반의 불확실성이 확대되는 모습이다.   한국무역협회 이유진 동향분석실 연구원이 27일 내놓은 ‘홍콩 시위 장기화에 따른 우리 수출 영향’ 보고서를 보면, 홍콩은 중국·미국·베트남에 이어 한국의 4위 수출국이다. 지난해 기준 수출액은 460억달러이고, 수출제품(355억달러 규모) 가운데 82.6%가 중국으로 재수출됐다. 대홍콩 수출에서 반도체가 차지하는 비중은 73%이고 이 중에서도메모리 반도체가 63.3%를 차지했다.
홍콩을 대중국 수출의 ‘경유지’로 삼는 나라는 한국만이 아니다. 미국·일본·대만 등이 홍콩에 수출한 제품 중 상당수도 중국을 최종 귀착지로 한다. 세계 3위 금융 허브인 홍콩을 경유하면 자금 조달이 편리하고, 중국과 직접 거래할 때 생기는 법적·제도적 ‘리스크’를 낮출 수도 있어다. 2003년 홍콩과 중국이 맺은 경제협력동반자협정(CEPA)에 따라 홍콩을 원산지로 하는 상품의 중국 수출은 무관세 혜택도 받을 수 있다. 지난해 기준 홍콩의 수입액(6029억달러) 가운데 재수출(5253억달러)이 차지하는 비중은 87.1%고, 재수출 가운데 중국으로 재수출(2894억달러)이 차지하는 비중은 55.1%에 이른다.
홍콩 사태가 길어진다면 한국은 물론 글로벌 경제에 적지 않은 영향을 끼칠 것으로 분석된다. 당장은 시위대 공항 점거에 따른 화물 운송 차질과 금융 비용 증가 정도를 우려할 수준이지만, 중국 정부가 홍콩 시위대에 무력을 행사하는 경우 상황은 완전히 달라진다. 도널드 트럼프 미국 대통령은 지난 18일 “그들(중국)이 홍콩에서 폭력적인 무언가를 한다면 내가 (미-중 무역갈등을 마무리하는) 합의에 서명하는 것이 훨씬 힘들어질 것”이라고 말했다. 중국이 민감하게 여기는 1989년 ‘천안문’을 직접 언급하며 홍콩 사태와 미-중 무역협상을 상호 지렛대로 사용할 뜻을 밝힌 것이다.
이유진 연구원은 “무력 행사는 중국 정부에 정치적 부담뿐 아니라 국외 자본의 대규모 이탈이라는 경제적 부담도 줄 것이라 극단적 상황이 발생할 가능성이 낮다”면서도, 무력 진압이 현실화해 “서구권이 반발하고 미-중 무역갈등과 연계될 경우 세계 무역의 불확실성이 대폭 커질 우려가 있다”고 말했다. 이 연구원은 “반도체 가격 급락과 미-중 무역갈등으로 인한 수출 타격, 일본 수출규제 등 불확실성 증대로 이미 많은 어려움을 겪은 우리 수출 부담도 커지고 있다”고 했다.
최하얀 기자 chy@hani.co.kr
◎ Weconomy 홈페이지 바로가기:
http://www.hani.co.kr/arti/economy
◎ Weconomy 페이스북 바로가기:
https://www.facebook.com/econohani
[▶동영상 뉴스 ‘영상+’]
[▶한겨레 정기구독]
[▶[생방송] 한겨레 라이브]
[ⓒ한겨레신문 : 무단전재 및 재배포 금지]",2019-08-27 16:25:08,한겨레,https://n.news.naver.com/mnews/article/028/0002466021?sid=101,반도체 수출
“수억 원 매출 올릴 기회 포기” 日 수출규제에 중소기업 피해 ‘현실화’,"올해 7월 초 시작된 일본 수출규제 사태가 만 2개월을 넘기면서 중소기업계 일부에서는 피해가 현실화되고 있다. 일본과의 거래에 시간과 절차가 더 들면서 납기 맞추기가 힘들어지고, 일본 기업들의 주문도 줄고 있어 고통 받고 있다.
일본산 기계를 국내로 수입하는 중소기업 A 사는 최근 한 공공기관이 발주한 적외선 장비 입찰에 참여하는 걸 포기했다. 발주처에서 일본 수출규제 이전엔 요구하지 않던 여러 서류를 입찰 조건으로 명시했기 때문이다. 예컨대 안정적인 공급을 약속하는 일본 기업의 확인서 등이다. A 사 대표는 “일본 정부가 수출을 완전히 막은 건 아니지만 만에 하나 수출이 막혀 납품을 제때 못 하면 그 책임을 고스란히 우리가 떠안아야 한다”며  “수억 원의 매출을 올릴 기회였지만 포기할 수밖에 없었다”고 말했다.
해외 거래처와 약속한 납기를 못 맞추는 곳도 생기고 있다. 디스플레이 소재 제조업체인 B 사는 중국 거래처와 약속한 납기가 지났는데도 아직 샘플조차 만들지 못했다. 샘플 제조에 필요한 일본산 원재료를 수입하던 국내 업체가 일본 수출규제 이후 불필요한 위험을 감수할 필요가 없다며 수입을 중단했기 때문이다. B사는 대체품을 찾기는 했지만 일본산보다 품질이 낮은 게 문제다. B 사 대표는 “중국 거래처에 이런 사정을 얘기했지만 ‘그건 너희 사정’이라는 답변만 들었다”고 말했다.
중소벤처기업부가 운영하는 ‘일본 수출규제 중소기업 피해 신고센터’에 접수된 피해 사례는 3일 기준 총 47건이다. 중소기업들은 이보다 ‘보이지 않는 피해’가 더 많다고 입을 모은다. 중소기업들은 사정이 어렵다는 게 외부로 알려지면 더 큰 타격을 입을 수 있다보니 아예 신고 자체를 꺼리는 곳도 많다. B 사도 이런 사정을 중기부에 알리지 않았다.
특히 일본 수출규제의 직격탄을 맞은 반도체 업계 중소기업 사정은 더 어렵다. 반도체 설계 전문업체 C 사는 납기를 2개월째 맞추지 못하고 있다. 중견의 국내 반도체 기업에 생산을 위탁하고 있었는데, 일본 수출규제로 미리 생산 물량을 확보하려는 반도체 설계 업체 간의 경쟁이 치열해지면서 위탁 생산 규모가 작은 C 사의 물량 생산이 뒤로 연기된 탓이다. C 사 대표는 “해외 기업에 납품을 해야 하는데, 이런 사태가 지속되면 우리 회사는 물론이고 한국의 대외신인도에도 나쁜 영향을 줄 수밖에 없다”고 걱정했다.
일본 수출 비중이 높은 금속 부품, 금형 등 전통적인 제조업종에서는 주문량 감소가 현실로 나타나고 있다. 일본 정부가 한국산 수입을 막는 건 아니지만 일본 기업들 사이에서 한국산을 꺼리는 분위기가 확산되고 있기 때문이다. 한 업계 관계자는 “일본 거래처가 이런 저런 핑계를 대면서 한국 주문량을 줄이면서 매출도 감소하고 있다”며 “당장 다른 수출 국가를 뚫기도 어려운 상황”이라고 말했다.
이번 사태가 국내 산업의 대일(對日) 의존도를 줄이고 기술력을 가진 중소기업을 육성할 수 있는 기회인 점은 분명하지만 중소기업들이 국산화에 성공할 때까지 버틸 수 있을지는 미지수다. 올 7월 중소기업중앙회의 조사 결과 중소기업 10곳 중 6곳(59%)은 일본 수출규제를 버틸 수 있는 최대 기간으로 6개월을 꼽았다. 이미 상당수 중소기업의 생존 체력의 3분의 1이 소진된 셈이다. 김경만 중기중앙회 경제정책본부장은 “국내 기업의 경쟁력을 강화하겠다는 정부 방향에 공감하지만 더 이상 기업들의 피해가 확산되지 않도록 외교적인 해결에도 집중해야 한다”고 말했다.
김호경 기자 kimhk@donga.com
조윤경 기자 yunique@donga.com
▶ 동아일보 단독 뉴스
/
트렌드 뉴스
▶ 네이버 홈에서 [동아일보] 채널 구독하기
ⓒ 동아일보 & donga.com, 무단 전재 및 재배포 금지",2019-09-03 21:43:06,동아일보,https://n.news.naver.com/mnews/article/020/0003239129?sid=101,반도체 수출
"日규제에 반도체 가격 하락 중단…""한국엔 큰영향 없어""","디램익스체인지 가격 조사
세계 반도체 시장의 가격 급락 국면이 일본의 소재 수출 규제를 통해 진정된 것으로 나타났다.
30일 글로벌 반도체 시장조사업체인 디램익스체인지에 따르면 PC에 주로 사용되는 DDR4 8기가비트(Gb) D램 제품의 계약 가격은 이날 기준 평균 2.94달러를 기록해 한달 전과 같았다. 이 제품 가격은 지난달까지 7개월 연속 하락하며 작년 말에 비해 59.5% 떨어졌다. 올들어 처음으로 보합세 전환이 이뤄진 것이다.
솔리드스테이트드라이브(SSD), USB 드라이브 등에 사용되는 낸드플래시 범용 제품인 128Gb 멀티플 레벨 셀(MLC) 제품 평균 가격은 4.11달러로 나타났다. 고점인 지난 2017년 8월 가격(5.87달러)에는 한참 못 미치는 수치지만, 지난달 말(4.01달러)보다는 2.5% 상승한 가격이다. 특히 낸드플래시 가격은 2개월 연속 오름세를 보였다.
디램익스체인지는 보고서에서 ""(일본의 소재 수출 규제로 촉발된) D램 현물가격 급등이 계약가 상승으로 이어질 것이라는 일부 관측이 있었다""면서 ""(결과적으로) 일본의 규제가 한국의 메모리 제품 생산에 큰 영향을 미치지는 않았다""고 분석했다.
특히 ""일본 정부가 (삼성전자, SK하이닉스 등) 한국 주요 업체들을 대상으로 (반도체 제조 핵심소재인) 불화수소 수출 가능성을 열어두면서 소재 부족 우려도 어느 정도 해소된 것으로 보인다""고 강조했다.
다만 일본의 소재 수출 규제 우려가 줄어든 만큼 추가적인 가격 상승은 어려울 것으로 내다봤다. 디램익스체인지는 ""소재 부족 변수가 사라졌다는 것은 D램 가격 흐름이 다시 수급에 따라 결정될 것임을 의미한다. 여전히 높은 재고 수준이 가격 상승을 막을 것""이라고 내다봤다.
한경닷컴 뉴스룸 open@hankyung.com
▶
네이버에서 한국경제 뉴스를 받아보세요
▶
한경닷컴 바로가기
▶
모바일한경 구독신청
ⓒ 한국경제 &
hankyung.com
, 무단전재 및 재배포 금지",2019-08-30 13:41:07,한국경제,https://n.news.naver.com/mnews/article/015/0004201229?sid=101,반도체 수출
"일본 불화수소, 7월 한국 수출 84%↓","일본 재무성 7월 무역통계 발표
7월4일부터 ‘개별허가 전환’규제 영향
지난 7월 한 달간 한국으로 수출된 일본산 불화수소 물량이 6월에 비해 84%가량 급감했다. 불화수소는 7월4일부터 일본이 대한국 수출규제 제1탄으로 발동해 즉각 시행에 들어간 3개 품목(포괄수출허가 대상에서 제외하고 수출계약 건별로 개별허가를 받도록 전환) 중 하나다.
28일 일본 재무성이 발표한 7월 품목별 무역통계에 따르면, 반도체 생산 공정 때 세척 과정에 쓰이는 불화수소의 7월 한국 수출물량은 479t으로 6월에 견줘 83.7% 감소했다. 일본 경제산업성은 지난달 4일부터 반도체 및 디스플레이 생산에 필요한 소재인 불화수소(에칭가스·불산), 레지스트, 폴리이미드 등 3개 품목을 포괄수출 허가 대상에서 개별 허가 대상으로 전환했다. 이 조처로 그동안 유효기간 3년 적용에 따라 심사 없이 통과돼왔던 이들 수출품목은 수출허가 심사과정에서 통상 90일이 소요되면서 국내 수입이 지연될 것이라는 우려가 나왔는데, 이 영향이 현실화한 것으로 해석된다. 한국이 수입하는 불화수소 가운데 일본산 비중은 지난해 31.7%(금액기준)이다. 중국산 26.1%, 미국산 17.4%, 독일산 3.6%다.
<교도통신>은 재무성이 3개 품목 가운데 불화수소 외에 나머지 2개 품목의 수출 통계는 따로 뽑지 않았다며, 이에 따라 1차 수출 규제가 3개 품목 전체에 미치는 영향을 정확히 파악하기는 어려운 상태라고 전했다. 그러나 다른 2개 품목의 일본산 수입의존 비중은 지난해 포토 레지스트(88.0%·금액기준), 폴리이미드(82.2%)로 불화수소보다 훨씬 크다. 이를 고려하면 3개 품목 수출규제 시행이 7월 한달간 한국 수입에 미친 영향은 더 컸을 것으로 짐작된다. 이날 <교도통신>은 “한국 기업에 대한 영향이 선명해지면, 한국의 반발은 필연적이다. 일-한 관계는 더욱 악화할 가능성이 있다”고 전했다.
재무성이 발표한 7월 무역통계를 보면, 일본의 대한국 전체 7월 수출금액은 작년 같은 기간에 대비해 6.9% 줄었다. 중국은 9.3% 감소했다. 서유럽(5.2%)과 미국(8.4%)으로는 수출 금액이 증가했으나, 전세계를 대상으로 보면 1.5% 감소했다.
도쿄/조기원 특파원 garden@hani.co.kr
[▶동영상 뉴스 ‘영상+’]
[▶한겨레 정기구독]
[▶[생방송] 한겨레 라이브]
[ⓒ한겨레신문 : 무단전재 및 재배포 금지]",2019-08-29 11:30:11,한겨레,https://n.news.naver.com/mnews/article/028/0002466270?sid=104,반도체 수출
"[이슈체크] 日, 불화수소 첫 ‘수출 허용’ 속내는?","■ 비즈플러스 '이슈체크'
◇ 불화수소 첫 수출 허가
[앵커]
일본이 수출 규제 후 처음으로 삼성전자에 고순도 불화수소 수출을 허가했습니다.
지난 28일부터 일본이 우리나라를 화이트리스트에서 배제한 가운데 고순도 불화수소 수출을 허가하자, 다양한 해석들이 나오고 있습니다.
김현우 취재기자와 자세한 내용 나눠보겠습니다.
일본이 왜 허가를 내줬죠? 삼성의 대체 움직임이 구체화되자 허가를 내준 것 아닌가요?
[기자]
네, 그동안 일본은 안보를 이유로 두 달 가까이 불화수소 수출 허가를 내주지 않았습니다.
그러자 삼성전자 등 국내 반도체 업계는 대체처를 찾아왔습니다.
국내에서 생산하거나 중국 등에서 수입한 불화수소에 대한 테스트를 진행 중입니다.
일부 불화수소는 이미 테스트를 끝내고 발주를 진행 중인 것으로 알려졌습니다.
이 때문에 일본 업체들도 위기감을 느끼고 있습니다.
지난달 일본 불화수소 한국 수출량은 한 달 전보다 80% 줄었고, 외신에 따르면 국내 반도체 업체에 불화수소를 수출하는 일본의 모리타와 스텔라의 출하량이 급격히 줄었다고 합니다.
[앵커]
일부에서는 우리 정부의 WTO 제소가 조금씩 구체화 되자, 허가를 내줬다는 해석도 나오고 있죠?
[기자]
네, 수출 규제는 경제 제재가 아니라는 명분을 쌓기 위해 불화수소 수출 허가를 내줬다는 분석도 있습니다.
우리 정부는 일본의 이번 불화수소 수출 허가와 상관없이 일본을 WTO에 제소할 방침입니다.
제소 준비는 이미 마친 상태고, 제소하기 적절한 시기를 조율 중인 것으로 알려졌습니다.
WTO 제소 절차는 우리 정부가 양자협의 요청서를 일본에 내는 것부터 시작되는데요.
일본은 요청날부터 10일 안에 의사를 표명해야 하고, 60일간의 양자협의 시간을 가집니다.
WTO 제소 결론은 최소 2년이 걸리지만, 승소하게 되면 일본의 규제 명분이 무력화됩니다.
[앵커]
불확실성은 오히려 증대됐다는 지적도 있는데요?
[기자]
네, 일본이 불화수소 수출 1건을 허가해줬지만, 우리 경제에 보복을 하겠다는 일본 정부의 태도는 변하지 않고 있습니다.
일부에서는 일본 정부가 앞으로 수출 허가와 규제를 번갈아 내놓으며 불확실성을 키우는 전략을 구사할 것이란 우려도 내놓고 있습니다.
[앵커]
일왕 즉위직 앞두고 일본이 유화 제스처라는 해석도 나오고 있지요?
[기자]
네, 아사히신문은 어제 우리나라가 무역관리 체제를 개선하는 자세만 보여주면, 일본이 유연하게 받아들일 계획이라고 일본 산업성 고위 관계자의 발언을 보도했습니다.
아사히신문은 일본 정부가 우리 정부에 대화 해결의 실마리를 주고 있다고 분석했습니다.
하지만 일본 정부가 원하고 있는 것이 우리나라가 스스로 수출 관리에 문제가 있다는 점을 인정하는 것인데요.
현재 상황에서 우리 정부가 이를 받아들일 가능성은 낮아 보입니다.
김현우 기자(khwcnbc@sbs.co.kr)
☞ 의견 있는 경제채널 SBSCNBC
[홈페이지]
☞ 경제를 실험한다~ #머니랩
[네이버 TV]
저작권자 SBS미디어넷 & SBS I&M 무단전재-재배포 금지",2019-08-30 17:51:31,SBS Biz,https://n.news.naver.com/mnews/article/374/0000192530?sid=101,반도체 수출
